feature,impurity_importance,impurity_rank,baseline_pr_auc,permuted_pr_auc_mean,permutation_importance_mean,permutation_importance_std,permutation_rank,pass_mean,fail_mean,standardized_mean_diff,abs_standardized_mean_diff,p_value,fdr_bh,effect_rank,fdr_rank,top_impurity,top_permutation,top_effect,top_fdr,evidence_count,fdr_significant_05
feature_59,0.018814414586384012,1,0.2003149458846448,0.17045403487427688,0.02986091101036792,0.01604057273063237,1.0,2.563464217032967,8.515123076923079,0.5901345261098715,0.5901345261098715,5.6786377604731255e-11,2.5326724411710142e-08,1,1,True,True,True,True,4,True
feature_129,0.00751789571089692,8,0.2003149458846448,0.19215211275649963,0.00816283312814517,0.0058330509778744336,6.0,-0.5879594222833563,-0.0826413461538461,0.477981475954561,0.477981475954561,4.831540255418541e-05,0.0026935836923958,3,7,True,True,True,True,4,True
feature_125,0.0050326474168366645,20,0.2003149458846448,0.19527009518422123,0.00504485070042357,0.008414235882827107,12.0,1.191248280605227,1.0969807692307691,-0.3688751362331432,0.3688751362331432,0.0015389074581091,0.0376124159473376,8,17,True,True,True,True,4,True
feature_205,0.008512013828323955,6,0.2003149458846448,0.18640345329018312,0.013911492594461672,0.006150243180640027,2.0,8.88474262182567,11.367019230769232,0.1912299841069908,0.1912299841069908,4.717189402092541e-05,0.0026935836923958,76,7,True,True,False,True,3,True
feature_519,0.009435907460448974,4,0.2003149458846448,0.18878779225736333,0.011527153627281461,0.007665934037518165,4.0,11.393324455825866,15.41470985915493,0.2669827680438005,0.2669827680438005,1.1928985833797455e-06,0.0001330081920468,31,3,True,True,False,True,3,True
feature_477,0.008292947261553538,7,0.2003149458846448,0.19230386077043368,0.008011085114211114,0.006904736088833102,7.0,6.105093548387096,8.398981730769231,0.1694420505655161,0.1694420505655161,3.5000837767598875e-05,0.0026017289407248,103,6,True,True,False,True,3,True
feature_247,0.006218476488128913,16,0.2003149458846448,0.1933328413042602,0.0069821045803845905,0.005158784897125672,10.0,0.0517413572343149,0.0713281690140845,0.2971495691927049,0.2971495691927049,1.0716525125366942e-06,0.0001330081920468,21,3,True,True,False,True,3,True
feature_130,0.006626997151282929,11,0.2003149458846448,0.19399675245533207,0.006318193429312724,0.00638785232754696,11.0,0.7432802613480054,0.7686903846153847,0.3453755145479428,0.3453755145479428,0.0083275919222104,0.0884310951739491,12,42,True,True,True,False,3,False
feature_33,0.012556343577552058,3,0.2003149458846448,0.19851520077067147,0.0017997451139733223,0.010383041525794365,14.0,8.931261764705882,9.3681875,0.2264067758725123,0.2264067758725123,0.0001613608349533,0.0065790272827547,56,10,True,True,False,True,3,True
feature_452,0.005306853570737956,18,0.2003149458846448,0.2015977557992074,-0.001282809914562616,0.010582580221979701,19.0,5.365711764705882,5.081178846153847,-0.3325527676637932,0.3325527676637932,0.0024064640480666,0.0509544909696693,16,21,True,True,True,False,3,False
feature_510,0.006326919466955711,15,0.2003149458846448,0.20868869199353965,-0.008373746108894853,0.014589489524300434,24.0,54.44059137577002,74.34794903846154,0.427267366523789,0.427267366523789,3.45261223775805e-06,0.000307973011608,5,5,True,False,True,True,3,True
feature_103,0.016160310374321724,2,0.2003149458846448,0.2099887502328392,-0.009673804348194398,0.017048938191135652,25.0,-0.0099126625598904,-0.0080528846153846,0.571259461211115,0.571259461211115,9.550429878231896e-09,2.1297458628457127e-06,2,2,True,False,True,True,3,True
feature_21,0.006460331237811215,14,0.2003149458846448,0.21524082609783673,-0.014925880213191939,0.009022651492590945,29.0,-5636.437585499316,-5362.27427184466,0.3459882104960804,0.3459882104960804,0.0004461412473224,0.0142127854504147,11,14,True,False,True,True,3,True
feature_341,0.004815255261463827,23,0.2003149458846448,0.1916348893857704,0.008680056498874406,0.00919355585223093,5.0,2.683375909402883,3.414610576923077,0.1699894700888617,0.1699894700888617,0.0001869154587755,0.0065790272827547,102,10,False,True,False,True,2,True
feature_65,0.006561328062056255,12,0.2003149458846448,0.20045642954929152,-0.00014148366464672435,0.004744936027732811,16.0,27.027495535714284,28.592296153846156,0.1932580138487901,0.1932580138487901,0.1695889908374082,0.4990730512885526,73,151,True,True,False,False,2,False
feature_64,0.008592711878157142,5,0.2003149458846448,0.20079799614562327,-0.0004830502609784737,0.018214933263252433,17.0,20.440290521978024,21.967568269230767,0.242695458630378,0.242695458630378,0.1711693514238832,0.4990730512885526,41,151,True,True,False,False,2,False
feature_577,0.005126291019353008,19,0.2003149458846448,0.20452509977185834,-0.004210153887213547,0.011228748626231345,20.0,16.80752918660287,14.318917307692308,-0.2456984788691424,0.2456984788691424,0.1518876572918037,0.4737195465184929,40,143,True,True,False,False,2,False
feature_316,0.004685574976592846,25,0.2003149458846448,0.21339492659056533,-0.013079980705920535,0.012381704847292329,27.0,6.00126073871409,5.635603846153846,-0.3840430067344206,0.3840430067344206,0.0001907070076583,0.0065790272827547,6,10,False,False,True,True,2,True
feature_180,0.0043754297586742425,31,,,,,,19.08270177838577,18.03701923076923,-0.3407390460836292,0.3407390460836292,0.0015210314248363,0.0376124159473376,13,17,False,False,True,True,2,True
feature_124,0.0038622635022274193,40,,,,,,15.791836313617605,15.834807692307692,0.3771500817128078,0.3771500817128078,0.0004928452773214,0.0146539329123578,7,15,False,False,True,True,2,True
feature_348,0.0028999908957235998,78,,,,,,0.0242906879777623,0.0304480769230769,0.3330256333725385,0.3330256333725385,0.001602322652465,0.0376124159473376,15,17,False,False,True,True,2,True
feature_28,0.002849873011989093,82,,,,,,69.59803235294117,68.10140582524272,-0.4443901664849148,0.4443901664849148,6.955945523698205e-05,0.0034470574484104,4,9,False,False,True,True,2,True
feature_102,0.004725775609671668,24,0.2003149458846448,0.18740478797127574,0.012910157913369052,0.003285214485764263,3.0,0.0018416609471516,-0.0090711538461538,-0.161593392179724,0.161593392179724,0.0052451703511862,0.0754627734396472,117,31,False,True,False,False,1,False
feature_81,0.005027225075004032,21,0.2003149458846448,0.19244136558807529,0.00787358029656951,0.004985283520292993,8.0,-0.021261362056984,-0.0196586538461538,0.0890477479730459,0.0890477479730459,0.1861364484702711,0.5159718192151825,243,160,False,True,False,False,1,False
feature_0,0.004424730733869659,30,0.2003149458846448,0.193142485327014,0.007172460557630794,0.003716020557572929,9.0,3014.947316403569,3007.52625,-0.0918107619697192,0.0918107619697192,0.0318052652620024,0.2034162096160033,237,61,False,True,False,False,1,False
feature_423,0.004568233251197715,27,0.2003149458846448,0.19717613408299042,0.003138811801654373,0.0030128493636896493,13.0,77.24380842465753,83.5093951923077,0.1877845592351112,0.1877845592351112,0.0866027742469643,0.365638253663547,80,104,False,True,False,False,1,False
feature_200,0.0045927997625737045,26,0.2003149458846448,0.1988652314068661,0.0014497144777786963,0.004618459900909533,15.0,17.459471153846152,19.570288461538464,0.1822951925845871,0.1822951925845871,0.0076876414855834,0.0857172025642558,85,40,False,True,False,False,1,False
feature_287,0.004472279996542555,28,0.2003149458846448,0.20116432029460368,-0.0008493744099588862,0.00444948496611114,18.0,0.3769925342465754,0.2346798076923077,-0.0263122349480565,0.0263122349480565,0.0045176479609162,0.0704623295133983,390,28,False,True,False,False,1,False
feature_213,0.007210080785498987,10,0.2003149458846448,0.20688441879878713,-0.006569472914142338,0.009977673714478134,22.0,0.0597189020152884,0.0690249999999999,0.1675045042497887,0.1675045042497887,0.0347300317080154,0.2093188397537145,108,74,True,False,False,False,1,False
feature_351,0.006545165053397984,13,0.2003149458846448,0.20774857510236502,-0.007433629217720228,0.013469349224668753,23.0,0.0272998610145934,0.0315192307692307,0.1606084261659447,0.1606084261659447,0.0258610728344768,0.1975813421276138,120,58,True,False,False,False,1,False
feature_281,0.00605175960005832,17,0.2003149458846448,0.2114045849452634,-0.011089639060618606,0.014283912619760137,26.0,0.0151646132785763,0.0141028846153846,-0.2135899590919586,0.2135899590919586,0.0377464050834181,0.2215117982526907,64,76,True,False,False,False,1,False
feature_31,0.007298318180919101,9,0.2003149458846448,0.21441685290953028,-0.01410190702488548,0.004628074760686744,28.0,3.680182421340629,3.5739291262135926,-0.2145724844905243,0.2145724844905243,0.8837820482368821,0.9497995024425286,62,413,True,False,False,False,1,False
feature_127,0.004243757534248957,33,,,,,,0.6511958046767538,0.610475,-0.3344380056876422,0.3344380056876422,0.005885085686092,0.0804562320246045,14,32,False,False,True,False,1,False
feature_122,0.003914081945359126,38,,,,,,3.917335625859698,3.633509615384616,-0.3461413250967998,0.3461413250967998,0.0028239427539653,0.0524782695111887,10,24,False,False,True,False,1,False
feature_121,0.0038169711142232486,42,,,,,,15.794160935350757,15.828076923076924,0.349915316735705,0.349915316735705,0.0031797686364494,0.056727072474258,9,25,False,False,True,False,1,False
feature_385,0.003368650745792356,51,,,,,,0.011244942381562,0.0134295774647887,0.1712417236715404,0.1712417236715404,0.0001917653692282,0.0065790272827547,100,10,False,False,False,True,1,True
feature_298,0.0030736431479866386,67,,,,,,0.0620573871409028,0.0886029126213592,0.3028793543482985,0.3028793543482985,0.0025487664027064,0.0509544909696693,18,21,False,False,True,False,1,False
feature_431,0.002995689256298634,72,,,,,,21.191220656634748,38.92410291262136,0.3108005065723094,0.3108005065723094,0.0026276979648035,0.0509544909696693,17,21,False,False,True,False,1,False
feature_40,0.002472426197481956,118,,,,,,68.23984155663655,63.27060576923077,-0.1968287051070608,0.1968287051070608,0.001902776364962,0.0424319129386537,71,20,False,False,False,True,1,True
feature_210,0.0020791973165355496,180,,,,,,0.087706532314107,0.1049057692307692,0.3023426552324871,0.3023426552324871,0.0125785629586462,0.1193625336075795,19,47,False,False,True,False,1,False
feature_290,0.0019031586326763955,222,,,,,,0.1244528198074277,0.1089456310679611,-0.0774134781855177,0.0774134781855177,0.0011566377144488,0.0322412762902614,263,16,False,False,False,True,1,True
feature_163,0.0016998148334970292,262,,,,,,0.1369569083447332,0.1863009708737864,0.3005027307495215,0.3005027307495215,0.0045816312912299,0.0704623295133983,20,28,False,False,True,False,1,False
feature_336,0.004960458691640829,22,0.2003149458846448,0.2050998901845486,-0.004784944299903809,0.013508867994198467,21.0,9.65645831043956,10.855379807692309,0.140433120587559,0.140433120587559,0.0048489729582759,0.0720880646463687,155,30,False,False,False,False,0,False
feature_14,0.00445582975149474,29,0.2003149458846448,0.216965924834507,-0.0166509789498622,0.00606636936988704,30.0,9.056840547945203,8.282810576923076,-0.2793851930567336,0.2793851930567336,0.0134561561020971,0.125030117115319,29,48,False,False,False,False,0,False
feature_270,0.004367021293578731,32,,,,,,29.323677023319625,28.37166057692308,-0.1055863002161829,0.1055863002161829,0.0405929639598507,0.229170404127765,204,78,False,False,False,False,0,False
feature_469,0.003981918411277478,34,,,,,,5.617964035689774,6.283320192307693,0.1676879765391536,0.1676879765391536,0.0301918127558489,0.2034162096160033,106,61,False,False,False,False,0,False
feature_455,0.003962225431110591,35,,,,,,3.622554103967168,3.834556730769231,0.2354030567843862,0.2354030567843862,0.014540695105237,0.1323500003456265,50,49,False,False,False,False,0,False
feature_90,0.0039368369512468365,36,,,,,,8833.289516985138,8748.61942038835,-0.2349433038034954,0.2349433038034954,0.0320492229548652,0.2034162096160033,51,61,False,False,False,False,0,False
feature_319,0.00392487380987994,37,,,,,,7.885228522571818,8.349119230769231,0.2213521150310368,0.2213521150310368,0.0173391466180209,0.1487165267622569,58,52,False,False,False,False,0,False
feature_91,0.003913548546867392,39,,,,,,0.0022207275223061,0.0055096153846153,0.0411096752261104,0.0411096752261104,0.3018250375996202,0.6833196282712214,341,197,False,False,False,False,0,False
feature_8,0.0038292339399484667,41,,,,,,1.4623094455852157,1.4706192307692303,0.1227037724399602,0.1227037724399602,0.2672665451690401,0.6340472294967654,172,185,False,False,False,False,0,False
feature_75,0.003747228093470433,43,,,,,,-0.0070705350938151,-0.0045855769230769,0.0906806088862933,0.0906806088862933,0.7806447831885847,0.9305326226224728,238,364,False,False,False,False,0,False
feature_160,0.00366918900465842,44,,,,,,541.6046511627907,750.3980582524272,0.2949320571595313,0.2949320571595313,0.0070814150841923,0.0817299375207691,25,34,False,False,False,False,0,False
feature_146,0.0036401474933801226,45,,,,,,0.0552635181382614,0.0514490384615384,-0.1948838278732013,0.1948838278732013,0.1071873762722657,0.4052952836364265,72,117,False,False,False,False,0,False
feature_587,0.00361369921441163,46,,,,,,0.0163917920656634,0.0176432692307692,0.143955488638711,0.143955488638711,0.0393501178057767,0.2279240589789144,150,77,False,False,False,False,0,False
feature_152,0.003580819068669535,47,,,,,,1.2254723287671234,0.7932798076923078,-0.0252609303207977,0.0252609303207977,0.0033944938507732,0.0582286252863418,393,26,False,False,False,False,0,False
feature_126,0.0035032709837274877,48,,,,,,2.746995873452545,2.802913461538462,0.2144820040281989,0.2144820040281989,0.0334649968335565,0.2044573779146058,63,73,False,False,False,False,0,False
feature_182,0.003446789251548878,49,,,,,,10.815259917920656,10.2925,-0.1415195578226347,0.1415195578226347,0.4485261163187349,0.8315843897053654,152,239,False,False,False,False,0,False
feature_280,0.0034154850658435626,50,,,,,,0.0181208076659822,0.0168076923076923,-0.2388613659536466,0.2388613659536466,0.1051874135727399,0.4044274694262241,45,116,False,False,False,False,0,False
feature_70,0.0033230698608169773,52,,,,,,619.2342210706933,617.2449288461539,-0.2057565732348109,0.2057565732348109,0.0805282261497585,0.3571002884804384,68,100,False,False,False,False,0,False
feature_390,0.0033219661217075537,53,,,,,,1.468733766233766,0.913258653846154,-0.0373400556603596,0.0373400556603596,0.7145211945032452,0.9094778423868248,347,315,False,False,False,False,0,False
feature_227,0.0032647598567095973,54,,,,,,0.0190054072553045,0.0208057692307692,0.1581593513216146,0.1581593513216146,0.0306885520993499,0.2034162096160033,126,61,False,False,False,False,0,False
feature_310,0.003263530889980398,55,,,,,,0.3042941176470588,0.3111855769230769,0.1686690863885232,0.1686690863885232,0.0918415748478677,0.3695472779685064,104,108,False,False,False,False,0,False
feature_197,0.0032588738350759166,56,,,,,,19.93495538778312,22.302788461538466,0.1705978845095878,0.1705978845095878,0.0366382468761425,0.2178754414234612,101,75,False,False,False,False,0,False
feature_37,0.003221245584291877,57,,,,,,66.2179221614227,66.26838653846153,0.1715151128062152,0.1715151128062152,0.0323824664174773,0.2034162096160033,99,61,False,False,False,False,0,False
feature_429,0.003208088950968724,58,,,,,,4.1713712235133285,4.178489423076924,0.0014176431846356,0.0014176431846356,0.8250753448666337,0.9305326226224728,444,364,False,False,False,False,0,False
feature_489,0.0031998319547493653,59,,,,,,270.98388262682414,288.57741730769226,0.0765270933105998,0.0765270933105998,0.5234380959257628,0.8491888524273439,266,273,False,False,False,False,0,False
feature_377,0.003186185525448924,60,,,,,,0.001575085557837,0.0015096153846153,-0.1347534187284429,0.1347534187284429,0.049893826041089,0.2587517024921594,156,84,False,False,False,False,0,False
feature_488,0.0031840168901386616,61,,,,,,355.759291104934,309.1308076923077,-0.1811702054510632,0.1811702054510632,0.0633741541500797,0.2973292656150041,87,95,False,False,False,False,0,False
feature_571,0.0031826598863871902,62,,,,,,2.103255434039645,2.081873076923077,-0.0672366040025174,0.0672366040025174,0.3584050910344457,0.7575766379211506,285,211,False,False,False,False,0,False
feature_10,0.003179715335373064,63,,,,,,6.228610540725528e-05,0.0013182692307692,0.1304748703218665,0.1304748703218665,0.0833906398982008,0.3610895669378405,160,102,False,False,False,False,0,False
feature_183,0.003154777586196313,64,,,,,,26.559824076607384,28.08586538461539,0.2335279910005632,0.2335279910005632,0.0154273389030697,0.1376118630153825,52,50,False,False,False,False,0,False
feature_137,0.0031111222143194004,65,,,,,,122.27824296499658,128.55922330097087,0.1254044225786895,0.1254044225786895,0.1201626603576219,0.4220842359750584,168,126,False,False,False,False,0,False
feature_323,0.0030993243931383765,66,,,,,,5.3895737346101225,5.447486538461539,0.0285333281747371,0.0285333281747371,0.4512184356697274,0.8315843897053654,381,239,False,False,False,False,0,False
feature_573,0.0030564362517361754,68,,,,,,0.3490719070403281,0.2973086538461538,-0.2585284159347625,0.2585284159347625,0.1102008717083537,0.4061949486109567,36,121,False,False,False,False,0,False
feature_460,0.0030400918683323613,69,,,,,,28.98199001367989,32.225772115384615,0.2372284182105276,0.2372284182105276,0.0097630891885896,0.0989622222297955,46,44,False,False,False,False,0,False
feature_16,0.0030096172073052416,70,,,,,,9.906091575342469,9.928818269230767,0.0126194741065149,0.0126194741065149,0.1309857403314877,0.4295561778517905,418,136,False,False,False,False,0,False
feature_35,0.0030051134618324835,71,,,,,,64.56421757865937,64.43727307692308,-0.0564690794568968,0.0564690794568968,0.0289390534534728,0.2034162096160033,303,61,False,False,False,False,0,False
feature_195,0.0029871963378491385,73,,,,,,0.2831869863013698,0.3423300970873786,0.114771240090848,0.114771240090848,0.0639991244373103,0.2973292656150041,191,95,False,False,False,False,0,False
feature_408,0.0029773564076057404,74,,,,,,5.359734293552813,5.077336538461538,-0.1073639515089471,0.1073639515089471,0.0495481290665645,0.2587517024921594,201,84,False,False,False,False,0,False
feature_168,0.0029266874519808827,75,,,,,,0.1243030095759233,0.1257281553398058,0.0286298600008593,0.0286298600008593,0.9853313828377662,0.9965029404663124,380,441,False,False,False,False,0,False
feature_574,0.0029045967960722656,76,,,,,,9.41139090909091,5.658487500000001,-0.1676549353094926,0.1676549353094926,0.7271099102431076,0.9094778423868248,107,315,False,False,False,False,0,False
feature_174,0.002902883164208319,77,,,,,,0.319406292749658,0.3300442307692308,0.1576393467422582,0.1576393467422582,0.1288997285727163,0.4278116897548135,128,131,False,False,False,False,0,False
feature_63,0.0028796164536053206,79,,,,,,13.875941071428567,15.585729807692308,0.2317379678038059,0.2317379678038059,0.0886008506271989,0.3693082185021561,53,107,False,False,False,False,0,False
feature_217,0.002868046102751027,80,,,,,,0.0714913134120917,0.0736288461538461,0.0504771878856392,0.0504771878856392,0.4990226371590155,0.8409966737893083,319,262,False,False,False,False,0,False
feature_252,0.0028505906821597437,81,,,,,,4.758911893369788,3.0442971153846154,-0.0364039313520832,0.0364039313520832,0.5287774814810916,0.8513890135038514,359,277,False,False,False,False,0,False
feature_202,0.0028040503506283794,83,,,,,,10.118003365384617,10.904902884615383,0.0574239728346031,0.0574239728346031,0.3109966545088691,0.6970075774419882,300,199,False,False,False,False,0,False
feature_420,0.0027953177277932383,84,,,,,,1.8155711841204656,1.9011971153846157,0.0367406175714135,0.0367406175714135,0.0316232194729035,0.2034162096160033,356,61,False,False,False,False,0,False
feature_582,0.002784294106762732,85,,,,,,0.5000534883720931,0.5006961538461538,0.1776956378115304,0.1776956378115304,0.0544452590051426,0.2668415990801498,94,90,False,False,False,False,0,False
feature_78,0.0027750752713694153,86,,,,,,-0.0130828353022932,-0.0213875,-0.1715973757753978,0.1715973757753978,0.0231324686877522,0.1810014216620611,98,57,False,False,False,False,0,False
feature_39,0.002743998711939567,87,,,,,,118.68057920656636,118.66514807692307,-0.0090139038925756,0.0090139038925756,0.6036965372934938,0.898754303072144,431,297,False,False,False,False,0,False
feature_459,0.0027417636208501204,88,,,,,,2.8360637482900137,2.8709432692307693,0.0321391184696069,0.0321391184696069,0.2135098058020783,0.5741170562016197,370,164,False,False,False,False,0,False
feature_288,0.00273663677573728,89,,,,,,0.003903904109589,0.0042009615384615,0.1111902700379183,0.1111902700379183,0.0929940841869852,0.3695472779685064,197,108,False,False,False,False,0,False
feature_417,0.0027261998071227995,90,,,,,,8.237010814510608,7.543214423076924,-0.1716290588607961,0.1716290588607961,0.0108244585826321,0.1072824117300871,97,45,False,False,False,False,0,False
feature_175,0.0027168248090705424,91,,,,,,0.776713269493844,0.7967451923076924,0.1799621358104094,0.1799621358104094,0.0458700935325383,0.2494885575062451,89,82,False,False,False,False,0,False
feature_309,0.0027115035957983795,92,,,,,,0.1287612859097127,0.1311701923076923,0.0925881904090484,0.0925881904090484,0.2647310777837575,0.6340472294967654,233,185,False,False,False,False,0,False
feature_410,0.0027068822808628047,93,,,,,,4.9126717227179135,5.165185436893204,0.1238222371475385,0.1238222371475385,0.1244036313048226,0.4268001504765454,170,130,False,False,False,False,0,False
feature_92,0.0026970177584030304,94,,,,,,0.000514031485284,0.0004067307692307,-0.0347037344358921,0.0347037344358921,0.4629014769308101,0.8358463915430822,364,246,False,False,False,False,0,False
feature_147,0.0026865165574539054,95,,,,,,0.0173528405201916,0.0182278846153846,0.0421081787479921,0.0421081787479921,0.0306723142078417,0.2034162096160033,339,61,False,False,False,False,0,False
feature_433,0.0026855001279060655,96,,,,,,202.657510875513,246.1401019417476,0.1808817774963164,0.1808817774963164,0.1588527999320046,0.4794251177674853,88,145,False,False,False,False,0,False
feature_67,0.0026798662202591975,97,,,,,,13.468253328757722,62.207329807692304,0.1013099101736984,0.1013099101736984,0.1712066745451761,0.4990730512885526,210,151,False,False,False,False,0,False
feature_424,0.0026603863433113536,98,,,,,,3.3540477397260275,2.773875961538462,-0.1238173815707102,0.1238173815707102,0.9101819141048104,0.9633385141699627,171,420,False,False,False,False,0,False
feature_426,0.002660349790148931,99,,,,,,1.228399315068493,1.310483653846154,0.0924578988419335,0.0924578988419335,0.113157598890468,0.4103112935377946,234,122,False,False,False,False,0,False
feature_299,0.0026565628633440476,100,,,,,,0.0572109439124487,0.1036427184466019,0.2530956413124257,0.2530956413124257,0.1229179362419002,0.4249720896425387,38,129,False,False,False,False,0,False
feature_318,0.0026451567673251644,101,,,,,,3.2003329685362525,3.0262288461538462,-0.1584549955636355,0.1584549955636355,0.2889650237419274,0.6648825592222791,125,193,False,False,False,False,0,False
feature_68,0.002638624467999558,102,,,,,,147.49656225120108,146.61122596153845,-0.1558925764078307,0.1558925764078307,0.1024411730734733,0.3972935929632098,130,115,False,False,False,False,0,False
feature_203,0.0026218650783127895,103,,,,,,29.86101139327385,33.04502115384616,0.145218741928193,0.145218741928193,0.147572857598078,0.4695675616538101,146,140,False,False,False,False,0,False
feature_443,0.0026197338366573003,104,,,,,,0.6325339945280438,0.6537211538461538,0.1550140277392068,0.1550140277392068,0.1217663976122482,0.4242797916801776,131,128,False,False,False,False,0,False
feature_411,0.0026066562770088713,105,,,,,,2.6091006211180123,2.713416346153846,0.1854196719915889,0.1854196719915889,0.2148318285325474,0.5741170562016197,83,164,False,False,False,False,0,False
feature_19,0.0026034716095408084,106,,,,,,12.479256052269603,12.506132038834949,0.163092186754992,0.163092186754992,0.6381058868796854,0.9085421241827444,115,312,False,False,False,False,0,False
feature_428,0.002600927554520185,107,,,,,,4.295597386519945,3.1641281553398057,-0.1446932576638336,0.1446932576638336,0.0067134741921538,0.0817299375207691,147,34,False,False,False,False,0,False
feature_83,0.0025987678581631418,108,,,,,,7.455438235294117,7.40466923076923,-0.096058377596712,0.096058377596712,0.2269360974662841,0.5850491298841777,222,173,False,False,False,False,0,False
feature_588,0.0025879151330196054,109,,,,,,0.0052595075239398,0.0056182692307692,0.1282613852567002,0.1282613852567002,0.0767514759004927,0.3457692752688867,165,99,False,False,False,False,0,False
feature_480,0.0025720120180743574,110,,,,,,75.64863191489363,73.9900548076923,-0.0469442585185568,0.0469442585185568,0.6003830652112803,0.898754303072144,326,297,False,False,False,False,0,False
feature_333,0.0025682487997767513,111,,,,,,6.171586479066574,6.836201923076923,0.1639259708027536,0.1639259708027536,0.0218749529902583,0.1742183756009862,113,56,False,False,False,False,0,False
feature_273,0.002560680702259716,112,,,,,,20.15590041407868,20.53438076923077,0.0980072458997367,0.0980072458997367,0.8441395560462887,0.9305326226224728,215,364,False,False,False,False,0,False
feature_150,0.002553236306854672,113,,,,,,6.824760958904111,6.666961538461539,-0.0489520998544762,0.0489520998544762,0.6141505049366319,0.898754303072144,323,297,False,False,False,False,0,False
feature_135,0.0025225332724220753,114,,,,,,118.38203017832647,112.0576923076923,-0.1080649067102763,0.1080649067102763,0.0449283196922417,0.2473830936140719,199,81,False,False,False,False,0,False
feature_26,0.002502982758930359,115,,,,,,1.9425754445964432,1.8803,-0.2294264124669126,0.2294264124669126,0.9388639129561652,0.9783488438748826,55,428,False,False,False,False,0,False
feature_131,0.002492189611123619,116,,,,,,0.9977975240715268,0.9979596153846154,0.0750403801864528,0.0750403801864528,0.6550687070288923,0.9094778423868248,271,315,False,False,False,False,0,False
feature_153,0.002483728855125935,117,,,,,,0.0118723287671232,0.0126865384615384,0.0970130352035579,0.0970130352035579,0.1087677648560038,0.4052952836364265,220,117,False,False,False,False,0,False
feature_17,0.002469397034425874,119,,,,,,0.9714751369863016,0.9710057692307692,-0.0467569280973424,0.0467569280973424,0.1814086453245367,0.5088569548097067,329,159,False,False,False,False,0,False
feature_307,0.002445878710895057,120,,,,,,0.1287608071135431,0.1311721153846153,0.0926920348341912,0.0926920348341912,0.2638663974869945,0.6340472294967654,232,185,False,False,False,False,0,False
feature_71,0.002427075735686421,121,,,,,,104.3462796156486,104.08742115384617,-0.0074896665884006,0.0074896665884006,0.2892090055809914,0.6648825592222791,433,193,False,False,False,False,0,False
feature_335,0.0024262662722187565,122,,,,,,3.3736224433768016,4.173675,0.1209637131056207,0.1209637131056207,0.3903350017817006,0.782286323678536,176,220,False,False,False,False,0,False
feature_250,0.002425731599851613,123,,,,,,109.54962337662336,111.07659423076925,0.0305978829302587,0.0305978829302587,0.4551648970977134,0.8319817381376238,376,243,False,False,False,False,0,False
feature_274,0.002423472546462842,124,,,,,,136.4140935127674,134.59726538461538,-0.0209611010864605,0.0209611010864605,0.8229397362131874,0.9305326226224728,399,364,False,False,False,False,0,False
feature_156,0.002410372960774783,125,,,,,,0.0580431305536568,0.0587278846153846,0.0108921351740598,0.0108921351740598,0.8113940410622119,0.9305326226224728,426,364,False,False,False,False,0,False
feature_123,0.0023996964197995738,126,,,,,,15.827565337001374,15.858942307692306,0.295488973458224,0.295488973458224,0.0323708451870924,0.2034162096160033,23,61,False,False,False,False,0,False
feature_196,0.0023985259120873174,127,,,,,,8.464258241758241,11.827692307692306,0.1465779033897593,0.1465779033897593,0.496216459971815,0.8409966737893083,143,262,False,False,False,False,0,False
feature_296,0.0023870831589902337,128,,,,,,1887.538118467852,1761.2783330097088,-0.0696904178643226,0.0696904178643226,0.625358612653892,0.9026211690732552,284,306,False,False,False,False,0,False
feature_352,0.0023865664679728455,129,,,,,,0.0234328700486448,0.0222884615384615,-0.1029566626377585,0.1029566626377585,0.8447108274120351,0.9305326226224728,209,364,False,False,False,False,0,False
feature_541,0.0023760434641818293,130,,,,,,9.59241615120275,9.880410576923076,0.0977810243230446,0.0977810243230446,0.3929405900521661,0.7823727819788664,217,224,False,False,False,False,0,False
feature_76,0.002357661936034085,131,,,,,,-0.0288933981931897,-0.0362682692307692,-0.2176856890221479,0.2176856890221479,0.0328384912384579,0.2034162096160033,60,61,False,False,False,False,0,False
feature_61,0.0023517833097887473,132,,,,,,10.422229512697324,10.435939423076924,0.044407511123547,0.044407511123547,0.8271962377487238,0.9305326226224728,333,364,False,False,False,False,0,False
feature_25,0.002345433648634956,133,,,,,,1.2055668946648426,1.1794000000000002,-0.1203586050204354,0.1203586050204354,0.8391166095742038,0.9305326226224728,179,364,False,False,False,False,0,False
feature_272,0.002338564691674831,134,,,,,,41.15156609471517,43.371633009708745,0.1303394227042901,0.1303394227042901,0.1201899057597139,0.4220842359750584,161,126,False,False,False,False,0,False
feature_291,0.0023349554844054325,135,,,,,,0.0199261790840738,0.019926923076923,3.659180119516577e-05,3.659180119516577e-05,0.9220141733651284,0.965714960988494,446,425,False,False,False,False,0,False
feature_438,0.002319222826754958,136,,,,,,54.55996415868673,56.70367572815533,0.054464967929758,0.054464967929758,0.9714779995977838,0.9903762041355424,310,435,False,False,False,False,0,False
feature_117,0.002307570505238731,137,,,,,,58.65480881749829,58.219350000000006,-0.0904935039374855,0.0904935039374855,0.0598519756646102,0.2853229406081103,241,93,False,False,False,False,0,False
feature_43,0.002303026989084318,138,,,,,,355.57293194254447,355.0605432692307,-0.0853844044652257,0.0853844044652257,0.601666153918784,0.898754303072144,251,297,False,False,False,False,0,False
feature_128,0.0022864908844463182,139,,,,,,3.1899167812929843,3.2238557692307697,0.1473175022209434,0.1473175022209434,0.0856356074381317,0.365638253663547,140,104,False,False,False,False,0,False
feature_144,0.002285703518330634,140,,,,,,0.1206355920602327,0.1111932692307692,-0.1546853695878454,0.1546853695878454,0.0212802961266015,0.1725638558629869,133,55,False,False,False,False,0,False
feature_356,0.0022851245602231065,141,,,,,,1.299650341997264,1.2842653846153846,-0.0389379553202803,0.0389379553202803,0.6146189740739998,0.898754303072144,343,297,False,False,False,False,0,False
feature_331,0.0022796866631065293,142,,,,,,0.0826448630136986,0.091552427184466,0.1196205274248838,0.1196205274248838,0.1544876238444613,0.4784825016293733,181,144,False,False,False,False,0,False
feature_484,0.002275413225446925,143,,,,,,217.79632022237664,180.59559615384612,-0.1862908984487927,0.1862908984487927,0.1288159263584143,0.4278116897548135,81,131,False,False,False,False,0,False
feature_22,0.0022618209153124724,144,,,,,,2705.15817373461,2617.339805825243,-0.2311417777941843,0.2311417777941843,0.1574782743269612,0.4794251177674853,54,145,False,False,False,False,0,False
feature_539,0.0022537220892633486,145,,,,,,3.039889896907217,2.9551192307692307,-0.0647452962795867,0.0647452962795867,0.4437276165005146,0.8315231805009644,287,238,False,False,False,False,0,False
feature_48,0.0022459273042581803,146,,,,,,139.99064753761968,139.71333557692307,-0.0600395603313696,0.0600395603313696,0.3235833197842213,0.7125156856431899,291,202,False,False,False,False,0,False
feature_560,0.0022447064834981772,147,,,,,,0.0721676470588235,0.0763201923076923,0.0822848668039106,0.0822848668039106,0.2060397597955707,0.563765232324077,254,163,False,False,False,False,0,False
feature_1,0.002241112582796985,148,,,,,,2495.906115305422,2495.059708737865,-0.011088822734351,0.011088822734351,0.9512724698170486,0.9843794003211224,425,431,False,False,False,False,0,False
feature_87,0.002239932695633225,149,,,,,,0.9825244702665756,0.9809548076923076,-0.087471340614861,0.087471340614861,0.903422296249579,0.9616380528098144,245,418,False,False,False,False,0,False
feature_47,0.002237485722886223,150,,,,,,1.1765340629274963,1.197976923076923,0.1160242305774967,0.1160242305774967,0.2802278955626004,0.655337017128054,186,189,False,False,False,False,0,False
feature_58,0.0022333856968179914,151,,,,,,4.592049383561644,4.611205825242719,0.235663635113604,0.235663635113604,0.0290498545502938,0.2034162096160033,49,61,False,False,False,False,0,False
feature_215,0.0022117452069280426,152,,,,,,0.0812267546907574,0.0789836538461538,-0.0755925215159687,0.0755925215159687,0.4037289815221897,0.7932296288938177,269,227,False,False,False,False,0,False
feature_547,0.0022084035964072195,153,,,,,,403.4817182637183,404.4659069767442,0.2112395415385264,0.2112395415385264,0.1638933459244371,0.4905800824315368,66,149,False,False,False,False,0,False
feature_563,0.002207872761876094,154,,,,,,0.6801799011532125,0.67145875,-0.0806294662025637,0.0806294662025637,0.8825212421551918,0.9497995024425286,256,413,False,False,False,False,0,False
feature_285,0.002202339044738633,155,,,,,,2.122967671232877,2.0752605769230774,-0.0502129747608873,0.0502129747608873,0.7516100247639996,0.926016770841834,320,362,False,False,False,False,0,False
feature_115,0.002200004282220361,156,,,,,,747.9533277511962,739.3719509615386,-0.1789324224180584,0.1789324224180584,0.0755994930729072,0.344054835821598,93,98,False,False,False,False,0,False
feature_113,0.0021961533404254614,157,,,,,,0.94541989063568,0.9454846153846154,0.0054895386163282,0.0054895386163282,0.5916359041170305,0.8945658979082229,436,292,False,False,False,False,0,False
feature_187,0.002189434616968502,158,,,,,,17.923194186046512,18.120384615384616,0.0285261394815125,0.0285261394815125,0.2284928149328726,0.5856769854026507,382,174,False,False,False,False,0,False
feature_344,0.002187174188991768,159,,,,,,23.27191304049416,22.44988461538461,-0.0938506646687791,0.0938506646687791,0.4548659433966029,0.8319817381376238,228,243,False,False,False,False,0,False
feature_46,0.002186236945370383,160,,,,,,733.7033568399454,733.243414423077,-0.0386393393480627,0.0386393393480627,0.7602030483482125,0.9305326226224728,344,364,False,False,False,False,0,False
feature_304,0.0021803107309628107,161,,,,,,0.1322075239398084,0.1302165048543689,-0.031136659602729,0.031136659602729,0.7081425858176689,0.9094778423868248,373,315,False,False,False,False,0,False
feature_286,0.0021785243890602387,162,,,,,,4.315229657534247,3.484928846153846,-0.1154130922086636,0.1154130922086636,0.9015464997127624,0.9616380528098144,189,418,False,False,False,False,0,False
feature_435,0.002171479112363936,163,,,,,,8.376003761969905,23.48906893203884,0.2667481193825574,0.2667481193825574,0.2385333443992245,0.5976734359665964,32,178,False,False,False,False,0,False
feature_219,0.0021693737309392246,164,,,,,,0.0032486560992419,0.0033288461538461,0.0509158124201651,0.0509158124201651,0.2512219159115637,0.6156317280030628,318,181,False,False,False,False,0,False
feature_79,0.002168528679738454,165,,,,,,0.0029790826963168,0.010089423076923,0.2951276319446781,0.2951276319446781,0.0039275703937857,0.0648776442825349,24,27,False,False,False,False,0,False
feature_365,0.0021574141339347225,166,,,,,,0.0051594798083504,0.0057471153846153,0.190400556439676,0.190400556439676,0.0187495609245176,0.1577793240063179,77,53,False,False,False,False,0,False
feature_62,0.002138575284870897,167,,,,,,116.54615223061084,115.8883798076923,-0.0697900349436701,0.0697900349436701,0.4507997236710062,0.8315843897053654,282,239,False,False,False,False,0,False
feature_440,0.002136599709159568,168,,,,,,11.538861354309164,11.352811650485435,-0.0309475591533455,0.0309475591533455,0.6691148532115696,0.9094778423868248,374,315,False,False,False,False,0,False
feature_447,0.0021364103249380917,169,,,,,,0.2822363201094391,0.277101923076923,-0.0595346176893541,0.0595346176893541,0.4800247968853596,0.8401067483525901,292,248,False,False,False,False,0,False
feature_353,0.0021336326449366127,170,,,,,,0.0404097289784572,0.0392346153846153,-0.0764679792064706,0.0764679792064706,0.4160271896184718,0.8062603369012199,267,230,False,False,False,False,0,False
feature_321,0.0021268871890389217,171,,,,,,2.2692451436388508,2.186160576923077,-0.0511934145803117,0.0511934145803117,0.9224093573567232,0.965714960988494,316,425,False,False,False,False,0,False
feature_317,0.002125493377245068,172,,,,,,0.1733955540355677,0.1618548076923076,-0.1663200032281428,0.1663200032281428,0.0939830388216803,0.3695472779685064,109,108,False,False,False,False,0,False
feature_413,0.0021200745572582226,173,,,,,,25.693540579710145,24.48621923076923,-0.0321911114878009,0.0321911114878009,0.8606482731239669,0.9362173897885102,369,410,False,False,False,False,0,False
feature_405,0.0021105446499437536,174,,,,,,0.0242445360824742,0.023689423076923,-0.0491733734894591,0.0491733734894591,0.4318038985178974,0.8160361810973825,322,235,False,False,False,False,0,False
feature_453,0.0021101076444871823,175,,,,,,5.485977154582763,5.109446153846154,-0.1775873193503762,0.1775873193503762,0.0939611695781965,0.3695472779685064,95,108,False,False,False,False,0,False
feature_522,0.0020933662952023076,176,,,,,,14.70296801093643,15.093179807692309,0.0588275965075619,0.0588275965075619,0.3166958622827702,0.7027181819806743,295,201,False,False,False,False,0,False
feature_475,0.0020913495314428335,177,,,,,,4.2315596431022655,4.697063461538462,0.1452194471185323,0.1452194471185323,0.1087696057889075,0.4052952836364265,145,117,False,False,False,False,0,False
feature_214,0.0020871807619744767,178,,,,,,0.0837660180681028,0.0763836538461538,-0.1610158264671367,0.1610158264671367,0.5812211320583613,0.8941942463027955,118,286,False,False,False,False,0,False
feature_343,0.0020850269048738003,179,,,,,,6.154236238846946,6.818742307692308,0.1169152195809994,0.1169152195809994,0.093226937151179,0.3695472779685064,185,108,False,False,False,False,0,False
feature_575,0.0020765855383513367,181,,,,,,0.105681954887218,0.0913259615384615,-0.2598606348863103,0.2598606348863103,0.1450824471601956,0.4655163412478219,35,139,False,False,False,False,0,False
feature_223,0.0020761580555211387,182,,,,,,122.86227505126452,122.6256576923077,-0.0049507587550028,0.0049507587550028,0.8740141177656682,0.9461414964162328,437,411,False,False,False,False,0,False
feature_456,0.002074422919140828,183,,,,,,12.323816894664844,12.351951923076925,0.0039453406601617,0.0039453406601617,0.8252236949693124,0.9305326226224728,439,364,False,False,False,False,0,False
feature_216,0.002073758410360553,184,,,,,,0.0833696316886726,0.0850596153846153,0.0632702258376036,0.0632702258376036,0.7416722881024354,0.9214090264448084,289,359,False,False,False,False,0,False
feature_105,0.002072493918753666,185,,,,,,-0.0004982841455044,-0.0004923076923076,0.0019610477375742,0.0019610477375742,0.717423961357021,0.9094778423868248,443,315,False,False,False,False,0,False
feature_446,0.0020715074374797297,186,,,,,,1.173051162790698,1.202444230769231,0.1741491573827095,0.1741491573827095,0.0538941386384447,0.2668415990801498,96,90,False,False,False,False,0,False
feature_30,0.0020703755652864905,187,,,,,,0.183832147742818,0.1887970873786407,0.152570644352139,0.152570644352139,0.1769826447926994,0.5027659845703436,137,154,False,False,False,False,0,False
feature_425,0.002062442704031643,188,,,,,,6.710385342465753,8.002597115384615,0.0721420553644179,0.0721420553644179,0.0079665209969452,0.0866602040155507,276,41,False,False,False,False,0,False
feature_176,0.002059148708123688,189,,,,,,0.2450036935704515,0.2406980769230769,-0.0576690312619721,0.0576690312619721,0.4881552494787905,0.8404408027882353,299,259,False,False,False,False,0,False
feature_100,0.002057620356054724,190,,,,,,-2.7453671928620443e-05,6.538461538461539e-05,0.2362818322252622,0.2362818322252622,0.0433982759754295,0.2419453885630197,48,80,False,False,False,False,0,False
feature_439,0.002056948331461114,191,,,,,,70.85070184678523,67.70915728155339,-0.0922925367581104,0.0922925367581104,0.4138329717759228,0.8059803729784348,236,229,False,False,False,False,0,False
feature_9,0.00205624072577851,192,,,,,,-0.0007152635181382,-0.0026076923076923,-0.1306446630775912,0.1306446630775912,0.4215463496957432,0.8099101156961892,159,232,False,False,False,False,0,False
feature_267,0.002050048821378501,193,,,,,,0.0707051546391752,0.0689326923076923,-0.0570577941236403,0.0570577941236403,0.4582120634126719,0.8341329807430681,301,245,False,False,False,False,0,False
feature_497,0.002047130962492536,194,,,,,,11.78714210898797,12.285918446601942,0.0979836963443728,0.0979836963443728,0.2551968601153166,0.6219551891335039,216,183,False,False,False,False,0,False
feature_218,0.002042296436305517,195,,,,,,3.776088372093023,3.7064769230769232,-0.0592531267471377,0.0592531267471377,0.5562403787191693,0.8766191127517651,294,281,False,False,False,False,0,False
feature_98,0.0020418511515127454,196,,,,,,-0.0157816060398078,-0.0512201923076923,-0.0929991852990392,0.0929991852990392,0.3431994571505299,0.7323777889432361,231,209,False,False,False,False,0,False
feature_471,0.0020401747842451736,197,,,,,,9.476705078929308,11.909639423076923,0.1636559407291696,0.1636559407291696,0.3734818000050171,0.7682670559872271,114,215,False,False,False,False,0,False
feature_20,0.002036018281502137,198,,,,,,1.4049505126452493,1.4065134615384616,0.0990362390626728,0.0990362390626728,0.3907269735832563,0.782286323678536,214,220,False,False,False,False,0,False
feature_211,0.0020340907802216123,199,,,,,,0.0564589298123697,0.0608509615384615,0.1471350917308887,0.1471350917308887,0.5043904216583891,0.8409966737893083,141,262,False,False,False,False,0,False
feature_491,0.0020330948989787825,200,,,,,,2.438084493452791,2.506693269230769,0.0580058694336112,0.0580058694336112,0.2407248860547571,0.5997949674883893,298,179,False,False,False,False,0,False
feature_494,0.002028103061516742,201,,,,,,0.8944098427887902,1.829067307692308,0.0954295809095522,0.0954295809095522,0.7109256896041984,0.9094778423868248,225,315,False,False,False,False,0,False
feature_138,0.0020262502464427623,202,,,,,,57.44575458937197,59.79421923076923,0.1837776856755374,0.1837776856755374,0.2781217909250491,0.655337017128054,84,189,False,False,False,False,0,False
feature_159,0.0020225973028775053,203,,,,,,862.2756497948017,1172.3106796116506,0.2551402662270369,0.2551402662270369,0.0562936311425501,0.2729017335823626,37,92,False,False,False,False,0,False
feature_388,0.0020156483278067966,204,,,,,,35.06453274094327,36.42900384615385,0.0842731008726998,0.0842731008726998,0.2510834475912895,0.6156317280030628,252,181,False,False,False,False,0,False
feature_468,0.0020132186234029436,205,,,,,,227.59087953296705,176.3233951923077,-0.2240591537642316,0.2240591537642316,0.0118403621039692,0.1148000325732668,57,46,False,False,False,False,0,False
feature_303,0.0019957632058342644,206,,,,,,0.0403142270861833,0.0407640776699029,0.0298582399427268,0.0298582399427268,1.0,1.0,379,445,False,False,False,False,0,False
feature_355,0.0019902833116417174,207,,,,,,0.0344892286309937,0.0352884615384615,0.038156091251144,0.038156091251144,0.6894497421628651,0.9094778423868248,346,315,False,False,False,False,0,False
feature_44,0.0019816658751429044,208,,,,,,10.032246785225718,10.015957692307692,-0.0976253295144141,0.0976253295144141,0.1498341893333514,0.4706059749484136,218,142,False,False,False,False,0,False
feature_421,0.001968467651861585,209,,,,,,4.18410636550308,4.039902884615385,-0.0279070013559785,0.0279070013559785,0.6628339014463995,0.9094778423868248,385,315,False,False,False,False,0,False
feature_2,0.0019583920494005043,210,,,,,,2200.5548855762595,2200.441876923077,-0.0037220148675088,0.0037220148675088,0.2924136347751791,0.6688024672293841,440,195,False,False,False,False,0,False
feature_454,0.001946191952582279,211,,,,,,7.910945485636114,7.501317307692309,-0.1525841413005376,0.1525841413005376,0.4918274653088104,0.8404408027882353,136,259,False,False,False,False,0,False
feature_204,0.0019459391278689182,212,,,,,,27.641543033630747,96.33493653846152,0.0874203353227365,0.0874203353227365,0.1862588854117587,0.5159718192151825,246,160,False,False,False,False,0,False
feature_412,0.001945605055726373,213,,,,,,30.869988957902,31.48711826923077,0.0331649215562297,0.0331649215562297,0.7493325683886956,0.9258159380694932,366,360,False,False,False,False,0,False
feature_38,0.0019425506054945717,214,,,,,,86.83031080711355,86.92465865384614,0.165373762801738,0.165373762801738,0.1275212732781915,0.4278116897548135,111,131,False,False,False,False,0,False
feature_312,0.0019339039223644067,215,,,,,,0.1601487688098495,0.1586740384615384,-0.0125881351637339,0.0125881351637339,0.6598675531650233,0.9094778423868248,419,315,False,False,False,False,0,False
feature_434,0.001919709754909102,216,,,,,,13.719237346101233,29.136890291262137,0.2758783104074893,0.2758783104074893,0.0198584938874079,0.1640164495145171,30,54,False,False,False,False,0,False
feature_556,0.0019088908551892975,217,,,,,,4.199779524979525,4.46003953488372,0.1466356832093611,0.1466356832093611,0.8470767820285292,0.9305326226224728,142,364,False,False,False,False,0,False
feature_239,0.0019060936485500023,218,,,,,,0.0045848049281314,0.0044355769230769,-0.0972288898118938,0.0972288898118938,0.094458272843968,0.3695472779685064,219,108,False,False,False,False,0,False
feature_391,0.0019040848329530233,219,,,,,,0.0109490618485059,0.011051923076923,0.0144841666799626,0.0144841666799626,0.3737980967471486,0.7682670559872271,412,215,False,False,False,False,0,False
feature_524,0.0019038372269600708,220,,,,,,5.7199311688311685,5.235524038461539,-0.0319457772763641,0.0319457772763641,0.4402099750216146,0.8284120205048107,371,237,False,False,False,False,0,False
feature_145,0.0019035687281717915,221,,,,,,0.0639323066392881,0.0592538461538461,-0.2078685281624539,0.2078685281624539,0.2327676931253648,0.5865219838074164,67,177,False,False,False,False,0,False
feature_54,0.0019001133295543618,223,,,,,,4.838299315068493,4.841689320388349,0.0649256616662911,0.0649256616662911,0.8022758648517786,0.9305326226224728,286,364,False,False,False,False,0,False
feature_392,0.0018988782407758063,224,,,,,,0.0045495557074504,0.0042971153846153,-0.0888134322209054,0.0888134322209054,0.4911602031789777,0.8404408027882353,244,259,False,False,False,False,0,False
feature_416,0.001885363147432624,225,,,,,,3.4160290921595595,3.2410451923076926,-0.1887844272447841,0.1887844272447841,0.0869005714985111,0.365638253663547,79,104,False,False,False,False,0,False
feature_430,0.001884210000505905,226,,,,,,17.368449863201093,33.37019805825242,0.2808080404540675,0.2808080404540675,0.0403676414263924,0.229170404127765,28,78,False,False,False,False,0,False
feature_86,0.0018791617774873695,227,,,,,,2.4016230348598766,2.405367307692308,0.1053083543848114,0.1053083543848114,0.3832785216222103,0.7805580851301634,205,219,False,False,False,False,0,False
feature_363,0.0018749917332067214,228,,,,,,332.2118511677283,348.5162077669903,0.1125941845810326,0.1125941845810326,0.2829027163846133,0.6571594349350912,194,192,False,False,False,False,0,False
feature_554,0.0018690067831365989,229,,,,,,0.4934769041769042,0.6481976744186047,0.161799282847749,0.161799282847749,0.6234282687307127,0.9026211690732552,116,306,False,False,False,False,0,False
feature_173,0.001863689542415832,230,,,,,,0.5763789329685363,0.5735634615384615,-0.0305283372437998,0.0305283372437998,0.5528536578594303,0.8766191127517651,377,281,False,False,False,False,0,False
feature_253,0.0018616025741347193,231,,,,,,0.0331485059068797,0.0341528846153846,0.0427721852642734,0.0427721852642734,0.8984514972249845,0.9609337356411106,336,417,False,False,False,False,0,False
feature_140,0.0018522310720050015,232,,,,,,27.926758247066942,0.3183855769230769,-0.0744034721827349,0.0744034721827349,0.9114996703581264,0.9633385141699627,273,420,False,False,False,False,0,False
feature_311,0.0018461877684166446,233,,,,,,0.0974870725034199,0.0953374999999999,-0.0736820712280113,0.0736820712280113,0.3879996550157737,0.782286323678536,275,220,False,False,False,False,0,False
feature_177,0.0018383227340197264,234,,,,,,0.3950335157318741,0.3909134615384615,-0.0146279400805225,0.0146279400805225,0.6839273954741971,0.9094778423868248,411,315,False,False,False,False,0,False
feature_134,0.0018282762772832502,235,,,,,,39.41640233676976,39.05027980769231,-0.1295080612077102,0.1295080612077102,0.2201637267516738,0.5742281995979329,163,170,False,False,False,False,0,False
feature_228,0.0018266783422726046,236,,,,,,0.0178127310061601,0.018289423076923,0.0481817618843627,0.0481817618843627,0.5053522613801225,0.8409966737893083,324,262,False,False,False,False,0,False
feature_51,0.0018194023724267358,237,,,,,,157.32344671682625,158.79224326923077,0.0233941694281391,0.0233941694281391,0.6486134680087499,0.9094778423868248,396,315,False,False,False,False,0,False
feature_143,0.0018167473367325777,238,,,,,,0.0041844566712517,0.0039596153846153,-0.1973476564718375,0.1973476564718375,0.0912900679791803,0.3695472779685064,70,108,False,False,False,False,0,False
feature_552,0.00180853576400669,239,,,,,,0.2763167076167076,0.2819593023255814,0.0195851607060154,0.0195851607060154,0.482101601450103,0.8401067483525901,401,248,False,False,False,False,0,False
feature_185,0.001808016486059859,240,,,,,,7.382995896032832,7.123173076923076,-0.0469621616861843,0.0469621616861843,0.8058813469147701,0.9305326226224728,325,364,False,False,False,False,0,False
feature_60,0.0018013339770356835,241,,,,,,355.18862855181885,354.7453269230769,-0.0757464274376316,0.0757464274376316,0.4231144774825383,0.8099101156961892,268,232,False,False,False,False,0,False
feature_295,0.0017970769742895697,242,,,,,,246.0590158002736,351.50814368932043,0.2970708127377603,0.2970708127377603,0.0066982939616037,0.0817299375207691,22,34,False,False,False,False,0,False
feature_207,0.0017924546822607993,243,,,,,,20.21087165408373,22.692019230769237,0.1215988782443421,0.1215988782443421,0.0745159684534945,0.3426198137140059,175,97,False,False,False,False,0,False
feature_55,0.00179164100511064,244,,,,,,2856.2335616438354,2855.3009708737864,-0.0333057448471188,0.0333057448471188,0.3734934734259025,0.7682670559872271,365,215,False,False,False,False,0,False
feature_120,0.001789881093883713,245,,,,,,6.311534859876965,6.301412499999999,-0.0802293717235132,0.0802293717235132,0.2125343195887461,0.5741170562016197,258,164,False,False,False,False,0,False
feature_208,0.0017861021668433713,246,,,,,,73.43497597803706,70.87344230769232,-0.0923593752013802,0.0923593752013802,0.4269700468719564,0.813797610704669,235,234,False,False,False,False,0,False
feature_15,0.00178554220720266,247,,,,,,413.0992897260274,412.8999653846153,-0.014644334112872,0.014644334112872,0.6541691418322373,0.9094778423868248,410,315,False,False,False,False,0,False
feature_184,0.0017744241015479204,248,,,,,,0.1447218878248974,0.1461307692307692,0.0150937443524573,0.0150937443524573,0.8357238488539912,0.9305326226224728,409,364,False,False,False,False,0,False
feature_553,0.0017707167744532531,249,,,,,,7.672856592956593,8.144241860465119,0.1580721352851848,0.1580721352851848,0.627828189720398,0.902914036502507,127,310,False,False,False,False,0,False
feature_349,0.001766761592383072,250,,,,,,0.0251236970118137,0.0270307692307692,0.1500524153688455,0.1500524153688455,0.4175922372739502,0.8062603369012199,139,230,False,False,False,False,0,False
feature_201,0.0017612213497857582,251,,,,,,7.800068681318682,8.389423076923077,0.1062494721457184,0.1062494721457184,0.4759770763294648,0.8401067483525901,203,248,False,False,False,False,0,False
feature_339,0.0017588661525620014,252,,,,,,9.28036183939602,10.009767307692307,0.1159236444289726,0.1159236444289726,0.1335116994795071,0.431494333100436,187,138,False,False,False,False,0,False
feature_324,0.00175761214776406,253,,,,,,13.262205471956223,14.315735576923077,0.1584720586413674,0.1584720586413674,0.1090480583775138,0.4052952836364265,124,117,False,False,False,False,0,False
feature_320,0.001745930410868847,254,,,,,,0.0430770177838577,0.0434971153846153,0.0157174523930325,0.0157174523930325,0.8832228425147363,0.9497995024425286,408,413,False,False,False,False,0,False
feature_198,0.0017453068840635124,255,,,,,,0.5516643788606727,0.6371346153846154,0.1180450706374781,0.1180450706374781,0.3324860675654707,0.7198484763796114,184,206,False,False,False,False,0,False
feature_133,0.0017389856939228597,256,,,,,,1003.9246225429551,1005.7005471153848,0.2862845946925058,0.2862845946925058,0.0071103303840872,0.0817299375207691,27,34,False,False,False,False,0,False
feature_181,0.0017356193676625,257,,,,,,0.5493632010943912,0.5103173076923078,-0.1858432074903677,0.1858432074903677,0.0808680025482607,0.3571002884804384,82,100,False,False,False,False,0,False
feature_559,0.001735284183936132,258,,,,,,0.3244140902872777,0.3439,0.0948710917827235,0.0948710917827235,0.3132361893880674,0.6985167023353904,227,200,False,False,False,False,0,False
feature_172,0.001715242483318222,259,,,,,,0.3194064295485636,0.3300384615384615,0.1575603871259305,0.1575603871259305,0.1294945697688337,0.4278116897548135,129,131,False,False,False,False,0,False
feature_487,0.0017150455836863992,260,,,,,,240.27580340514243,228.10276057692312,-0.0463320273871474,0.0463320273871474,0.9765080023622892,0.9903762041355424,331,435,False,False,False,False,0,False
feature_486,0.0017120186566091072,261,,,,,,300.5426724113968,329.67441057692304,0.1052817056736491,0.1052817056736491,0.1484507313748592,0.4695675616538101,206,140,False,False,False,False,0,False
feature_56,0.001695932333834377,263,,,,,,0.928733698630137,0.9304883495145632,0.2948767624418746,0.2948767624418746,0.0071467882585425,0.0817299375207691,26,34,False,False,False,False,0,False
feature_108,0.0016954201523929474,264,,,,,,-0.0108049416609471,-0.0105596153846153,0.0028176801148262,0.0028176801148262,0.8360617021229586,0.9305326226224728,442,364,False,False,False,False,0,False
feature_170,0.0016911437307482664,265,,,,,,0.6827922024623804,0.7059528846153846,0.1413154729740421,0.1413154729740421,0.3265588344038325,0.7139472556083789,153,204,False,False,False,False,0,False
feature_66,0.0016898725619465906,266,,,,,,706.7896903912148,704.9710125,-0.1539210009101907,0.1539210009101907,0.1795620917928011,0.5068651451872741,134,158,False,False,False,False,0,False
feature_572,0.0016884435546005911,267,,,,,,29.191639644565964,18.01961346153846,-0.1517395256137197,0.1517395256137197,0.8408237082778734,0.9305326226224728,138,364,False,False,False,False,0,False
feature_57,0.0016880415107998756,268,,,,,,0.949236780821918,0.9489067961165047,-0.0767173551889981,0.0767173551889981,0.5255070028474146,0.8491888524273439,264,273,False,False,False,False,0,False
feature_445,0.0016875323128731996,269,,,,,,0.6456683310533516,0.6670740384615385,0.1609838303482362,0.1609838303482362,0.1279142487983457,0.4278116897548135,119,131,False,False,False,False,0,False
feature_549,0.001680076726714888,270,,,,,,0.6624850122850122,0.6742093023255815,0.0165513180654608,0.0165513180654608,0.5175218958311611,0.8487218720693549,407,269,False,False,False,False,0,False
feature_162,0.0016638496868467353,271,,,,,,4807.294117647059,4653.233009708738,-0.0249717246102932,0.0249717246102932,0.6396462488640846,0.9085421241827444,394,312,False,False,False,False,0,False
feature_406,0.0016620320384245766,272,,,,,,6.713319587628866,6.972583653846153,0.0872556037175114,0.0872556037175114,0.6296104604311203,0.902914036502507,247,310,False,False,False,False,0,False
feature_300,0.0016498167577269753,273,,,,,,0.1134538987688098,0.1883961165048544,0.2425450454692533,0.2425450454692533,0.8049866755542071,0.9305326226224728,42,364,False,False,False,False,0,False
feature_3,0.0016416794137175412,274,,,,,,1399.290291994479,1355.7814346153848,-0.1092545363309524,0.1092545363309524,0.790862296507587,0.9305326226224728,198,364,False,False,False,False,0,False
feature_483,0.0016382000051363252,275,,,,,,207.8032426685198,189.42007884615384,-0.1046153098152176,0.1046153098152176,0.8958907589488165,0.9604982656037792,207,416,False,False,False,False,0,False
feature_118,0.0016364998563454733,276,,,,,,0.5984615010423906,0.5977221153846155,-0.0970074491101731,0.0970074491101731,0.1590917431156677,0.4794251177674853,221,145,False,False,False,False,0,False
feature_107,0.0016361848016277338,277,,,,,,-0.0014096774193548,-0.0067567307692307,-0.0585045663210705,0.0585045663210705,0.8723606799888701,0.9461414964162328,297,411,False,False,False,False,0,False
feature_45,0.001635756242442361,278,,,,,,136.72559008207935,136.98864326923075,0.0323912786638765,0.0323912786638765,0.8571630946818938,0.934705966327933,367,409,False,False,False,False,0,False
feature_496,0.0016259281085297533,279,,,,,,29.909042321302195,29.274001941747567,-0.0271293208474307,0.0271293208474307,0.9631820857932936,0.989813848534122,386,432,False,False,False,False,0,False
feature_50,0.001622359012907267,280,,,,,,632.289171887825,631.762526923077,-0.0640804405087249,0.0640804405087249,0.6631244606249924,0.9094778423868248,288,315,False,False,False,False,0,False
feature_255,0.0016200199212074242,281,,,,,,0.4042243335611757,0.3985557692307692,-0.049715976707909,0.049715976707909,0.6850369169308821,0.9094778423868248,321,315,False,False,False,False,0,False
feature_89,0.0016175705775078875,282,,,,,,0.1882699929228591,0.1946466019417475,0.0698939988962381,0.0698939988962381,0.0261562002504084,0.1975813421276138,281,58,False,False,False,False,0,False
feature_457,0.0016081424108535093,283,,,,,,5.273763474692203,5.121714423076923,-0.0427050445125159,0.0427050445125159,0.8330960702017446,0.9305326226224728,337,364,False,False,False,False,0,False
feature_199,0.0015905513185719695,284,,,,,,11.303706245710364,14.731153846153846,0.1463804628135561,0.1463804628135561,0.4778742895503497,0.8401067483525901,144,248,False,False,False,False,0,False
feature_294,0.001584589501566563,285,,,,,,391.4182911080711,549.3839077669903,0.2626165726470064,0.2626165726470064,0.051956645975114,0.2603670124146164,33,87,False,False,False,False,0,False
feature_254,0.0015842367286167177,286,,,,,,0.0139955570745044,0.0132067307692307,-0.090089144000297,0.090089144000297,0.5026912443994902,0.8409966737893083,242,262,False,False,False,False,0,False
feature_525,0.0015770203480419864,287,,,,,,5.548502918693537,5.724975000000001,0.0434795556225959,0.0434795556225959,0.9464919217520276,0.9817102258172192,335,430,False,False,False,False,0,False
feature_222,0.0015725868860992664,288,,,,,,0.0083546138072453,0.0153846153846153,0.0904945046030765,0.0904945046030765,0.722085307781563,0.9094778423868248,240,315,False,False,False,False,0,False
feature_99,0.0015723520191485729,289,,,,,,0.0007617707618393,0.0124442307692307,0.1345172010499243,0.1345172010499243,0.7216646213397957,0.9094778423868248,157,315,False,False,False,False,0,False
feature_154,0.0015679520524744344,290,,,,,,7.695783835616439,7.728674038461538,0.0076127795554684,0.0076127795554684,0.977052757443136,0.9903762041355424,432,435,False,False,False,False,0,False
feature_448,0.0015628392332076588,291,,,,,,0.332493365253078,0.3291317307692307,-0.0142701840384706,0.0142701840384706,0.6699760860864847,0.9094778423868248,414,315,False,False,False,False,0,False
feature_437,0.0015622325283887438,292,,,,,,3.9868538987688096,4.441639805825242,0.1797958478786657,0.1797958478786657,0.391143161839268,0.782286323678536,90,220,False,False,False,False,0,False
feature_24,0.0015600165175199629,293,,,,,,-284.4415182626539,-499.539640776699,-0.0804994986931083,0.0804994986931083,0.6883590349666946,0.9094778423868248,257,315,False,False,False,False,0,False
feature_88,0.0015590039844340135,294,,,,,,1807.4316734791528,1813.2076903846155,0.1075485517456459,0.1075485517456459,0.2940038724581303,0.6690088118179904,200,196,False,False,False,False,0,False
feature_527,0.0015589346526460887,295,,,,,,6.400965071770335,6.321891346153846,-0.0441792527070528,0.0441792527070528,0.7109260609159569,0.9094778423868248,334,315,False,False,False,False,0,False
feature_96,0.0015517347303013727,296,,,,,,0.0176881262868908,0.0092605769230769,-0.0421757393831377,0.0421757393831377,0.9624645594036612,0.989813848534122,338,432,False,False,False,False,0,False
feature_555,0.0015499923435901698,297,,,,,,57.51724512694513,61.00195116279071,0.095358086647082,0.095358086647082,0.2235505582001596,0.5796717962632048,226,172,False,False,False,False,0,False
feature_576,0.001548997067260102,298,,,,,,5.69223014354067,3.7563278846153847,-0.1283813999904383,0.1283813999904383,0.8432806789731758,0.9305326226224728,164,364,False,False,False,False,0,False
feature_188,0.0015466187713372786,299,,,,,,42.93837346101231,47.04979807692308,0.1889228561918637,0.1889228561918637,0.0490212352162122,0.2587517024921594,78,84,False,False,False,False,0,False
feature_268,0.001545597018919176,300,,,,,,19.49130515463917,19.69175,0.0269300249396758,0.0269300249396758,0.8417530534591188,0.9305326226224728,387,364,False,False,False,False,0,False
feature_583,0.0015444624848839276,301,,,,,,0.0152903556771545,0.0157028846153846,0.0306505730235682,0.0306505730235682,0.684579828808793,0.9094778423868248,375,315,False,False,False,False,0,False
feature_444,0.0015431076447486728,302,,,,,,0.8953212038303695,0.8911288461538462,-0.0281486445633861,0.0281486445633861,0.461800029919361,0.8358463915430822,383,246,False,False,False,False,0,False
feature_418,0.0015383003115863655,303,,,,,,322.5749663928816,287.7276673076923,-0.1222295360881009,0.1222295360881009,0.2196721002125188,0.5742281995979329,173,170,False,False,False,False,0,False
feature_34,0.0015379866770023835,304,,,,,,50.58183891928865,50.59387980769231,0.0099358065676783,0.0099358065676783,0.3637499610409279,0.758095713197448,430,212,False,False,False,False,0,False
feature_283,0.001532882181290359,305,,,,,,2.8144331964407936,2.6571971153846152,-0.0362720371274103,0.0362720371274103,0.5358972677937834,0.8566673169750086,360,279,False,False,False,False,0,False
feature_585,0.0015297770963468935,306,,,,,,3.063023461012312,3.1353442307692303,0.0259298499701528,0.0259298499701528,0.7233193968740641,0.9094778423868248,392,315,False,False,False,False,0,False
feature_407,0.0015265384499072877,307,,,,,,1.2299321649484536,1.260889423076923,0.0856200529054042,0.0856200529054042,0.5048867187121827,0.8409966737893083,250,262,False,False,False,False,0,False
feature_562,0.0015217973475544777,308,,,,,,262.8255634266886,261.2747,-0.1928161914161983,0.1928161914161983,0.1319605336200197,0.4295941459454656,74,137,False,False,False,False,0,False
feature_570,0.0015205722295718203,309,,,,,,530.5313482570061,530.4149557692308,-0.0059947933495474,0.0059947933495474,0.4857724126475748,0.8401067483525901,435,248,False,False,False,False,0,False
feature_224,0.0015173954465741708,310,,,,,,0.0590920736022646,0.0631893203883495,0.0469180303152883,0.0469180303152883,0.5792270938810405,0.8941942463027955,327,286,False,False,False,False,0,False
feature_366,0.0015067370995642893,311,,,,,,0.0048058863791923,0.0049278846153846,0.0516934999797516,0.0516934999797516,0.786707574923936,0.9305326226224728,315,364,False,False,False,False,0,False
feature_362,0.0015046457608663285,312,,,,,,0.0183060155697098,0.0194378640776699,0.0420157417575747,0.0420157417575747,0.5314795131315727,0.8526613771823073,340,278,False,False,False,False,0,False
feature_340,0.0014928994452306106,313,,,,,,12.254869938229238,48.55767596153846,0.0936395266155516,0.0936395266155516,0.1128242627859323,0.4103112935377946,230,122,False,False,False,False,0,False
feature_474,0.0014923583754411916,314,,,,,,37.53895164835165,39.01042307692308,0.0564625829684322,0.0564625829684322,0.7564489302852725,0.9294110823890676,304,363,False,False,False,False,0,False
feature_212,0.0014887678268378337,315,,,,,,0.0514109103544127,0.051725,0.010572120691339,0.010572120691339,0.8041792231392162,0.9305326226224728,428,364,False,False,False,False,0,False
feature_289,0.0014861303485714354,316,,,,,,2.5797009589041098,2.563083653846154,-0.0125798477172809,0.0125798477172809,0.776806309128329,0.9305326226224728,420,364,False,False,False,False,0,False
feature_584,0.0014815127256686904,317,,,,,,0.0038411764705882,0.0039221153846153,0.0280529856175351,0.0280529856175351,0.5246995497772753,0.8491888524273439,384,273,False,False,False,False,0,False
feature_84,0.0014758552329645115,318,,,,,,0.1331193659545141,0.1329480769230769,-0.035358545495085,0.035358545495085,0.7322259365870484,0.9122144349659876,363,358,False,False,False,False,0,False
feature_523,0.001473554316709665,319,,,,,,0.465395010252905,0.2921423076923077,-0.056426509764253,0.056426509764253,0.3041795202329768,0.6851720506257962,305,198,False,False,False,False,0,False
feature_27,0.0014713282790169702,320,,,,,,6.648314158686731,6.50114077669903,-0.1001806564871896,0.1001806564871896,0.7006892792003143,0.9094778423868248,212,315,False,False,False,False,0,False
feature_479,0.0014699402241951007,321,,,,,,3.2553563486616333,3.676194230769231,0.130854271264374,0.130854271264374,0.0519256801329491,0.2603670124146164,158,87,False,False,False,False,0,False
feature_550,0.0014692040941915374,322,,,,,,16.94230139230139,18.02151162790697,0.1548607603528261,0.1548607603528261,0.8293930321692715,0.9305326226224728,132,364,False,False,False,False,0,False
feature_139,0.0014626448387755286,323,,,,,,417.1042008281573,412.0683432692307,-0.0187329356048465,0.0187329356048465,0.8301693067365781,0.9305326226224728,403,364,False,False,False,False,0,False
feature_275,0.0014612105267790944,324,,,,,,9.30954741200828,0.1060115384615384,-0.0744203435410321,0.0744203435410321,0.8407745561031099,0.9305326226224728,272,364,False,False,False,False,0,False
feature_415,0.001451709409845968,325,,,,,,6.651149068322981,6.344533653846154,-0.0955194328581281,0.0955194328581281,0.6770305582250966,0.9094778423868248,224,315,False,False,False,False,0,False
feature_279,0.0014433942173629594,326,,,,,,0.0412644079397672,0.0381413461538461,-0.1526191613908597,0.1526191613908597,0.0164758069481367,0.1440825470366469,135,51,False,False,False,False,0,False
feature_164,0.0014409590250941432,327,,,,,,0.1222763337893296,0.2083689320388349,0.252133534319231,0.252133534319231,0.2175465975293132,0.5741170562016197,39,164,False,False,False,False,0,False
feature_551,0.001435418023820344,328,,,,,,1.2075757575757575,1.5591860465116278,0.1601446721591151,0.1601446721591151,0.6964790720059645,0.9094778423868248,121,315,False,False,False,False,0,False
feature_305,0.0014327942784515368,329,,,,,,0.2645980848153215,0.2693971153846153,0.0824626854620455,0.0824626854620455,0.5814290384204077,0.8941942463027955,253,286,False,False,False,False,0,False
feature_526,0.0014189420674878127,330,,,,,,1.4489590567327408,1.3660653846153847,-0.0905132688507146,0.0905132688507146,0.5216118684940684,0.8491888524273439,239,273,False,False,False,False,0,False
feature_282,0.0014189100737170093,331,,,,,,0.0057469541409993,0.0060913461538461,0.0522623473330954,0.0522623473330954,0.0265804496135803,0.1975813421276138,313,58,False,False,False,False,0,False
feature_568,0.001418809628804559,332,,,,,,2.447583031301482,2.52577125,0.0765845554965568,0.0765845554965568,0.4859810338003772,0.8401067483525901,265,248,False,False,False,False,0,False
feature_338,0.0014087079752333903,333,,,,,,3.027278983516484,3.181793269230769,0.0314231982862739,0.0314231982862739,0.4854411393188582,0.8401067483525901,372,248,False,False,False,False,0,False
feature_36,0.0014082552102479672,334,,,,,,49.418170177838576,49.40612884615385,-0.009936164162127,0.009936164162127,0.3627431875284653,0.758095713197448,429,212,False,False,False,False,0,False
feature_29,0.0014061252728968653,335,,,,,,2.364332968536252,2.3926621359223303,0.0710656917159037,0.0710656917159037,0.6669673201777517,0.9094778423868248,278,315,False,False,False,False,0,False
feature_238,0.0014048628855596623,336,,,,,,0.004780424366872,0.0049451923076923,0.0936462900850938,0.0936462900850938,0.4113291223263813,0.8046174936735354,229,228,False,False,False,False,0,False
feature_548,0.0013959753741485047,337,,,,,,75.67141195741195,75.79997674418604,0.0368599634293436,0.0368599634293436,0.9712134625435228,0.9903762041355424,354,435,False,False,False,False,0,False
feature_308,0.0013914317709295934,338,,,,,,0.2184287961696306,0.2182096153846154,-0.0067648694339322,0.0067648694339322,0.7493711965091637,0.9258159380694932,434,360,False,False,False,False,0,False
feature_297,0.001389519035462965,339,,,,,,2346.191855061559,2295.0653291262133,-0.0167274865710905,0.0167274865710905,0.6224857508805857,0.9026211690732552,405,306,False,False,False,False,0,False
feature_155,0.0013879573697105085,340,,,,,,0.5150729023383769,0.395631067961165,-0.1443828436747112,0.1443828436747112,0.0063865289537867,0.0817299375207691,148,34,False,False,False,False,0,False
feature_169,0.001387512895462573,341,,,,,,0.4010554035567716,0.3919126213592233,-0.0467642369687075,0.0467642369687075,0.6370668270018361,0.9085421241827444,328,312,False,False,False,False,0,False
feature_359,0.0013857218921492576,342,,,,,,0.0197770334928229,0.0207249999999999,0.1118895874333415,0.1118895874333415,0.5713362494294296,0.8940911131421951,196,285,False,False,False,False,0,False
feature_393,0.0013850518170517793,343,,,,,,0.1340237867395762,0.1335076923076923,-0.0142966146243232,0.0142966146243232,0.9149837564483958,0.9647346462789232,413,423,False,False,False,False,0,False
feature_565,0.001364204126899291,344,,,,,,0.1446551070840197,0.1600925,0.1653321503712082,0.1653321503712082,0.5049097906436892,0.8409966737893083,112,262,False,False,False,False,0,False
feature_116,0.001361559027180368,345,,,,,,0.9871626110731372,0.9866701923076924,-0.053188097202874,0.053188097202874,0.2312452736030494,0.5859965456077276,312,175,False,False,False,False,0,False
feature_171,0.001361330601682228,346,,,,,,0.1200089603283173,0.120839423076923,0.0141584562851957,0.0141584562851957,0.6532981128136806,0.9094778423868248,415,315,False,False,False,False,0,False
feature_472,0.0013558133832313813,347,,,,,,137.87286449175824,138.1059826923077,0.0047653369198237,0.0047653369198237,0.9893036444018956,0.9968636426565805,438,442,False,False,False,False,0,False
feature_77,0.0013517712055664869,348,,,,,,-0.0070870743571924,-0.0064096153846153,0.0207606907917133,0.0207606907917133,0.6808253987544829,0.9094778423868248,400,315,False,False,False,False,0,False
feature_53,0.0013486174349564394,349,,,,,,4.5928726027397255,4.594368932038835,0.0323325748620441,0.0323325748620441,0.842333338522772,0.9305326226224728,368,364,False,False,False,False,0,False
feature_540,0.0013330230583040114,350,,,,,,1.9417202061855672,1.9583278846153849,0.022415108764809,0.022415108764809,0.8409596170840296,0.9305326226224728,398,364,False,False,False,False,0,False
feature_11,0.0013287536217998278,351,,,,,,0.9644611225188228,0.9628307692307692,-0.1440684568733475,0.1440684568733475,0.0508868318800337,0.2603670124146164,149,87,False,False,False,False,0,False
feature_269,0.0013267864335575364,352,,,,,,3.772312027491409,3.855563461538461,0.0706644052608574,0.0706644052608574,0.612496330040355,0.898754303072144,280,297,False,False,False,False,0,False
feature_368,0.001305751860498908,353,,,,,,0.0031666437886067,0.0032413461538461,0.0364070903329288,0.0364070903329288,0.2671050118258522,0.6340472294967654,358,185,False,False,False,False,0,False
feature_12,0.0012912644612470341,354,,,,,,199.96199514031488,199.8839576923077,-0.026264419074679,0.026264419074679,0.8321987840649299,0.9305326226224728,391,364,False,False,False,False,0,False
feature_132,0.0012848302908409557,355,,,,,,2.318539450171821,2.318617307692308,0.0013889924331781,0.0013889924331781,0.5545521149564234,0.8766191127517651,445,281,False,False,False,False,0,False
feature_32,0.0012797194258062936,356,,,,,,85.30929938440491,85.73346442307692,0.1685839119557511,0.1685839119557511,0.114454612809661,0.4116673976863616,105,124,False,False,False,False,0,False
feature_23,0.0012788560048710544,357,,,,,,-3811.035567647059,-3739.0784786407767,0.0509490247553669,0.0509490247553669,0.5657450702270543,0.8884588074692472,317,284,False,False,False,False,0,False
feature_427,0.001273042457913579,358,,,,,,4.0578919178082185,4.067049038461539,0.0037218758171096,0.0037218758171096,0.9757982048280024,0.9903762041355424,441,435,False,False,False,False,0,False
feature_306,0.0012719033036997656,359,,,,,,0.0486004787961696,0.0489413461538461,0.0140447663471648,0.0140447663471648,0.6098098776443134,0.898754303072144,416,297,False,False,False,False,0,False
feature_558,0.0012708784772128819,360,,,,,,0.9944912448700408,1.0022865384615385,0.0817785898681378,0.0817785898681378,0.5916971746253941,0.8945658979082229,255,292,False,False,False,False,0,False
feature_499,0.0012700882012643543,361,,,,,,265.7990736481862,226.6257798076923,-0.120587118953775,0.120587118953775,0.1655951190630973,0.4923694873476093,177,150,False,False,False,False,0,False
feature_6,0.0012664398440226437,362,,,,,,101.08577322291237,101.4909721153846,0.071147954339523,0.071147954339523,0.917874871624737,0.965500454586398,277,424,False,False,False,False,0,False
feature_561,0.001266121803084619,363,,,,,,32.15216190150479,34.15173365384616,0.1008932230231287,0.1008932230231287,0.3357125863925378,0.7233227706815067,211,207,False,False,False,False,0,False
feature_4,0.0012660626364551409,364,,,,,,4.404697929606626,1.3034048076923077,-0.0751785652633062,0.0751785652633062,0.8162525118144437,0.9305326226224728,270,364,False,False,False,False,0,False
feature_302,0.0012532880382668313,365,,,,,,0.4020422024623802,0.4217961165048544,0.0865191029251254,0.0865191029251254,0.5892448842415063,0.8945658979082229,249,292,False,False,False,False,0,False
feature_271,0.0012447369975614677,366,,,,,,45.92827062457104,47.8544173076923,0.10696093133036,0.10696093133036,0.2615256492085118,0.633915432320632,202,184,False,False,False,False,0,False
feature_442,0.0012392603355895087,367,,,,,,1.3476127906976745,1.3121653846153845,-0.0556758694691824,0.0556758694691824,0.6718577445624004,0.9094778423868248,309,315,False,False,False,False,0,False
feature_490,0.0012206375168337565,368,,,,,,51.38633932968535,50.90006442307693,-0.0265270653986804,0.0265270653986804,0.7023197216473291,0.9094778423868248,388,315,False,False,False,False,0,False
feature_112,0.0012127074011475836,369,,,,,,0.4569235595390525,0.4642929577464789,0.2024782695604872,0.2024782695604872,0.0091702090678369,0.0951142614943089,69,43,False,False,False,False,0,False
feature_493,0.0012087073882935573,370,,,,,,2.525005058099795,2.6009644230769235,0.0708365868530278,0.0708365868530278,0.778611824753579,0.9305326226224728,279,364,False,False,False,False,0,False
feature_357,0.0012050122103082776,371,,,,,,0.0009969676085458,0.001025,0.0593046268497722,0.0593046268497722,0.2166469622767001,0.5741170562016197,293,164,False,False,False,False,0,False
feature_569,0.001204986251694867,372,,,,,,20.981064250411865,23.1907275,0.1921935840335165,0.1921935840335165,0.2306661058652521,0.5859965456077276,75,175,False,False,False,False,0,False
feature_436,0.0012018492661121632,373,,,,,,6.532943023255815,21.428146601941748,0.2612377763918683,0.2612377763918683,0.9312400822090608,0.9726769945321806,34,427,False,False,False,False,0,False
feature_301,0.0011972702139376305,374,,,,,,0.9059264021887824,0.9700388349514564,0.141762127413398,0.141762127413398,0.5119758019176911,0.8487218720693549,151,269,False,False,False,False,0,False
feature_566,0.0011815404730526032,375,,,,,,2.61009176276771,2.62267375,0.0121183813028051,0.0121183813028051,0.8516995622781649,0.9329403148834464,422,407,False,False,False,False,0,False
feature_165,0.0011804658937799937,376,,,,,,0.2429199726402189,0.3812718446601943,0.240136015084047,0.240136015084047,0.8271451327932071,0.9305326226224728,44,364,False,False,False,False,0,False
feature_485,0.0011754055865620771,377,,,,,,202.92620903405145,176.0055971153846,-0.1257864346706211,0.1257864346706211,0.2435892580033026,0.603560050385961,167,180,False,False,False,False,0,False
feature_18,0.001172266961423459,378,,,,,,190.0539228767123,189.95513076923075,-0.0367455558110984,0.0367455558110984,0.8469324400893938,0.9305326226224728,355,364,False,False,False,False,0,False
feature_142,0.0011678424404747746,379,,,,,,6.65624568668047,6.437019230769232,-0.0742434592299721,0.0742434592299721,0.7631003161843453,0.9305326226224728,274,364,False,False,False,False,0,False
feature_225,0.0011510158758444035,380,,,,,,1038.7113872611465,1073.2290932038836,0.0776228772166933,0.0776228772166933,0.3305580529698968,0.719165324997922,262,205,False,False,False,False,0,False
feature_467,0.0011439598945738262,381,,,,,,6.167931506849316,7.445026213592232,0.11304906673785,0.11304906673785,0.0832029308599972,0.3610895669378405,193,102,False,False,False,False,0,False
feature_106,0.0011424433636654716,382,,,,,,0.0005625257378174,0.0002173076923076,-0.1153122694400229,0.1153122694400229,0.3606482358839527,0.758095713197448,190,212,False,False,False,False,0,False
feature_511,0.0011375408905493658,383,,,,,,271.14984818617387,343.82616923076927,0.2132912016707811,0.2132912016707811,0.0287507118873936,0.2034162096160033,65,61,False,False,False,False,0,False
feature_148,0.0011259744893446326,384,,,,,,8.499317590691307,8.077825961538462,-0.0303796730664881,0.0303796730664881,0.689433882690458,0.9094778423868248,378,315,False,False,False,False,0,False
feature_409,0.0011227103818751783,385,,,,,,4.574106794783802,4.669020192307692,0.0532697364763737,0.0532697364763737,0.5946007186265104,0.8959186503629178,311,296,False,False,False,False,0,False
feature_589,0.0011103810934480927,386,,,,,,99.73649466484268,98.7362375,-0.0114062382591007,0.0114062382591007,0.4826089371343833,0.8401067483525901,423,248,False,False,False,False,0,False
feature_500,0.0011093768848044736,387,,,,,,239.7205577686516,258.69346057692303,0.0568182659633842,0.0568182659633842,0.6965791648266659,0.9094778423868248,302,315,False,False,False,False,0,False
feature_337,0.0010909807415969298,388,,,,,,2.3031941620879124,2.667505769230769,0.1298118792516931,0.1298118792516931,0.6749874850606596,0.9094778423868248,162,315,False,False,False,False,0,False
feature_104,0.0010832762149818984,389,,,,,,-5.817932922655711e-06,-0.0001384615384615,-0.1123474228331525,0.1123474228331525,0.5395686514286648,0.8594557804899446,195,280,False,False,False,False,0,False
feature_567,0.001077088250665338,390,,,,,,0.0597004942339374,0.0659425,0.1657311058349878,0.1657311058349878,0.5176061641319832,0.8487218720693549,110,269,False,False,False,False,0,False
feature_167,0.001076853043176851,391,,,,,,1.2320109439124487,1.2893203883495143,0.078706920093398,0.078706920093398,0.7279901115069427,0.9094778423868248,259,315,False,False,False,False,0,False
feature_93,0.0010759721649350792,392,,,,,,-0.0005655030800821,-0.000189423076923,0.1246918310363648,0.1246918310363648,0.3243064667837837,0.7125156856431899,169,202,False,False,False,False,0,False
feature_248,0.0010702185279600394,393,,,,,,0.0250542720437457,0.0268163461538461,0.0410594408929317,0.0410594408929317,0.7077519812553072,0.9094778423868248,342,315,False,False,False,False,0,False
feature_350,0.0010688951441230928,394,,,,,,0.0231899930507296,0.0233692307692307,0.0133108808162878,0.0133108808162878,0.8321556893089354,0.9305326226224728,417,364,False,False,False,False,0,False
feature_7,0.0010627605437256874,395,,,,,,0.1217903713892709,0.1222567307692307,0.0697542224047848,0.0697542224047848,0.5154643423540715,0.8487218720693549,283,269,False,False,False,False,0,False
feature_151,0.0010570219844257237,396,,,,,,14.232823287671232,11.444384615384614,-0.1218633165787574,0.1218633165787574,0.9611073013272048,0.989813848534122,174,432,False,False,False,False,0,False
feature_119,0.0010437062302999366,397,,,,,,0.9707637047163364,0.9709653846153846,0.0247986009145081,0.0247986009145081,0.9768292988242236,0.9903762041355424,395,435,False,False,False,False,0,False
feature_82,0.001041287137005233,398,,,,,,0.0061806115357887,0.0043153846153846,-0.0522248397196874,0.0522248397196874,0.7967829131860763,0.9305326226224728,314,364,False,False,False,False,0,False
feature_354,0.0010380924093773617,399,,,,,,0.041945170257123,0.0415865384615384,-0.0264719468867099,0.0264719468867099,0.6061351748955234,0.898754303072144,389,297,False,False,False,False,0,False
feature_476,0.0010376308103945122,400,,,,,,20.018234660260813,21.72812980769231,0.1045230244099412,0.1045230244099412,0.3956362816309657,0.7842390293662699,208,225,False,False,False,False,0,False
feature_360,0.0010285068921300979,401,,,,,,0.0027390293916609,0.0058403846153846,0.1001431348145518,0.1001431348145518,0.6550325535557442,0.9094778423868248,213,315,False,False,False,False,0,False
feature_470,0.0010230305122990095,402,,,,,,5.316851750171586,6.080841346153846,0.1190624727178027,0.1190624727178027,0.3566165165875649,0.7573855542764473,182,210,False,False,False,False,0,False
feature_251,0.00102061161676625,403,,,,,,0.0043878332194121,0.0028355769230769,-0.0558678253453111,0.0558678253453111,0.2806488122678438,0.655337017128054,308,189,False,False,False,False,0,False
feature_361,0.0010175894160514838,404,,,,,,39.9590045112782,39.61850961538461,-0.0228645809722093,0.0228645809722093,0.990158281831536,0.9968636426565805,397,442,False,False,False,False,0,False
feature_221,0.0010105045341266483,405,,,,,,0.0605833219412166,0.0626057692307692,0.0781743212775604,0.0781743212775604,0.7255100000368696,0.9094778423868248,261,315,False,False,False,False,0,False
feature_334,0.0010065049125305382,406,,,,,,0.1664806451612903,0.1947471153846154,0.1202326736642447,0.1202326736642447,0.3394985179004147,0.7279631681903124,180,208,False,False,False,False,0,False
feature_473,0.000977983699433081,407,,,,,,39.369835851648354,40.225003846153854,0.0367236890924763,0.0367236890924763,0.9995505598547306,1.0,357,445,False,False,False,False,0,False
feature_495,0.000970623575757372,408,,,,,,6.810894736842105,6.764652884615385,-0.0166604863062511,0.0166604863062511,0.9428760012537648,0.9802393859188324,406,429,False,False,False,False,0,False
feature_586,0.000967770927528517,409,,,,,,0.021444733242134,0.0216509615384615,0.0172802156717965,0.0172802156717965,0.5755929092207551,0.8941942463027955,404,286,False,False,False,False,0,False
feature_161,0.0009592728625643285,410,,,,,,4088.8953488372094,3753.941747572816,-0.0867108920575773,0.0867108920575773,0.7028638323419998,0.9094778423868248,248,315,False,False,False,False,0,False
feature_482,0.0009402528304348008,411,,,,,,319.11555594162616,308.7728942307692,-0.03619338489377,0.03619338489377,0.62007186450293,0.9026211690732552,361,306,False,False,False,False,0,False
feature_432,0.0009226071486590408,412,,,,,,99.21857818057455,101.48333786407768,0.0187851941640771,0.0187851941640771,0.5893932414045775,0.8945658979082229,402,292,False,False,False,False,0,False
feature_95,0.0009095780447945989,413,,,,,,5.833905284831847e-05,8.365384615384616e-05,0.2368658816791717,0.2368658816791717,0.0059530395892644,0.0804562320246045,47,32,False,False,False,False,0,False
feature_389,0.0008994556243596398,414,,,,,,0.0013710184552289,0.0008788461538461,-0.0562381724515322,0.0562381724515322,0.4791906412020987,0.8401067483525901,307,248,False,False,False,False,0,False
feature_546,0.0008790141291180874,415,,,,,,1.0410381654381653,1.0196418604651158,-0.0563780942034793,0.0563780942034793,0.5834316719150527,0.8941942463027955,306,286,False,False,False,False,0,False
feature_386,0.000874441827274396,416,,,,,,0.0082468899521531,0.0087576923076923,0.0381738770703197,0.0381738770703197,0.5768286929963369,0.8941942463027955,345,286,False,False,False,False,0,False
feature_277,0.000870123264148049,417,,,,,,2.2138247757073843,2.1678278846153844,-0.0464810878997075,0.0464810878997075,0.9085385011808812,0.9633385141699627,330,420,False,False,False,False,0,False
feature_332,0.000851007493590966,418,,,,,,2.5411085164835168,3.3267490384615384,0.1204383645698526,0.1204383645698526,0.687379230530643,0.9094778423868248,178,315,False,False,False,False,0,False
feature_419,0.0008202545349841473,419,,,,,,307.8241862422998,326.44035576923073,0.0587991297928519,0.0587991297928519,0.4810835011886815,0.8401067483525901,296,248,False,False,False,False,0,False
feature_41,0.0007792451288727369,420,,,,,,3.351491869353718,3.374849038461538,0.0123610958344761,0.0123610958344761,0.3989947674465105,0.787396753456388,421,226,False,False,False,False,0,False
feature_543,0.0007772168824086242,421,,,,,,0.0084918548939082,0.0081759615384615,-0.2405252021732634,0.2405252021732634,0.0474817397546933,0.255142842537268,43,83,False,False,False,False,0,False
feature_278,0.0007625131324235049,422,,,,,,0.0011207015130674,0.0010721153846153,-0.1589075746070886,0.1589075746070886,0.2165753214075501,0.5741170562016197,122,164,False,False,False,False,0,False
feature_101,0.0007467403961119728,423,,,,,,-5.765271105010297e-06,-2.7884615384615383e-05,-0.115479134956241,0.115479134956241,0.1995009497836696,0.5492433555772632,188,162,False,False,False,False,0,False
feature_441,0.0007388153685984832,424,,,,,,0.8004476744186046,0.8250413461538462,0.126860556221743,0.126860556221743,0.4300685876882077,0.8160361810973825,166,235,False,False,False,False,0,False
feature_166,0.0007326112671782882,425,,,,,,2.7733242134062928,3.009708737864077,0.1408043037049914,0.1408043037049914,0.7205614724559354,0.9094778423868248,154,315,False,False,False,False,0,False
feature_542,0.0006951570321805238,426,,,,,,0.1112456536618754,0.1106855769230769,-0.2199523132834404,0.2199523132834404,0.0601353282896017,0.2853229406081103,59,93,False,False,False,False,0,False
feature_557,0.0006810115894535688,427,,,,,,1.5912058149058148,2.075467441860465,0.1587432201736859,0.1587432201736859,0.8534521266198343,0.9329403148834464,123,407,False,False,False,False,0,False
feature_136,0.0006574389659729244,428,,,,,,138.03205216197668,140.47403846153844,0.0453918587453564,0.0453918587453564,0.6085520418382226,0.898754303072144,332,297,False,False,False,False,0,False
feature_544,0.0006429843263452501,429,,,,,,0.0025074606433949,0.0025336538461538,0.0955526348299836,0.0955526348299836,0.3802795462134719,0.7780031083082958,223,218,False,False,False,False,0,False
feature_80,0.0006398237973880062,430,,,,,,-0.0181207088255733,-0.0242048076923076,-0.1141205513229193,0.1141205513229193,0.4472517217978055,0.8315843897053654,192,239,False,False,False,False,0,False
feature_367,0.0006322888408102109,431,,,,,,0.0037754975978037,0.0037423076923076,-0.0111962923677478,0.0111962923677478,0.9951471784054156,0.9996298233531876,424,444,False,False,False,False,0,False
feature_564,0.0005938480603928933,432,,,,,,6.434481054365734,6.604375,0.0631481549390931,0.0631481549390931,0.4809920709408405,0.8401067483525901,290,248,False,False,False,False,0,False
feature_94,0.0005649601769988511,433,,,,,,-2.9032258064516133e-05,-3.076923076923078e-05,-0.0107546484602174,0.0107546484602174,0.6501586046576929,0.9094778423868248,427,315,False,False,False,False,0,False
feature_545,0.000534568306008376,434,,,,,,7.627522861054072,7.384951923076922,-0.2164167070958239,0.2164167070958239,0.1154209961315665,0.4118221141974296,61,125,False,False,False,False,0,False
feature_376,0.0004901120226633975,435,,,,,,0.0015978781656399,0.0016423076923076,0.0785014392969968,0.0785014392969968,0.704493407589682,0.9094778423868248,260,315,False,False,False,False,0,False
feature_520,0.0003506341714826167,436,,,,,,2.68430991114149,2.8604375,0.0359078697539273,0.0359078697539273,0.7212267088833375,0.9094778423868248,362,315,False,False,False,False,0,False
feature_249,0.00025544326090210076,437,,,,,,0.0007857826384142,0.0049961538461538,0.1796243505152211,0.1796243505152211,0.1767321335172071,0.5027659845703436,91,154,False,False,False,False,0,False
feature_114,0.00024085332809897075,438,,,,,,9.200273410799728e-05,0.000551923076923,0.1812485130810229,0.1812485130810229,0.1767321091413073,0.5027659845703436,86,154,False,False,False,False,0,False
feature_387,0.0001462778329979757,439,,,,,,0.0002510594668489,0.0015798076923076,0.1793996367064309,0.1793996367064309,0.176732125391907,0.5027659845703436,92,154,False,False,False,False,0,False
feature_521,4.218539952798692e-05,440,,,,,,10.600730006835269,25.8089125,0.119025420054864,0.119025420054864,0.1584227335739022,0.4794251177674853,183,145,False,False,False,False,0,False
feature_209,0.0,441,,,,,,0.0316746739876458,0.0,-0.0370497448902286,0.0370497448902286,0.7913171792159812,0.9305326226224728,348,364,False,False,False,False,0,False
feature_347,0.0,442,,,,,,0.0095502402196293,0.0,-0.0370497448902286,0.0370497448902286,0.7913171792159812,0.9305326226224728,348,364,False,False,False,False,0,False
feature_342,0.0,443,,,,,,0.0003069320521619,0.0,-0.0370497448902286,0.0370497448902286,0.7913171792159812,0.9305326226224728,348,364,False,False,False,False,0,False
feature_206,0.0,444,,,,,,0.001372683596431,0.0,-0.0370497448902286,0.0370497448902286,0.7913171792159812,0.9305326226224728,348,364,False,False,False,False,0,False
feature_74,0.0,445,,,,,,0.0028795470144131,0.0,-0.0370497448902286,0.0370497448902286,0.7913171792159812,0.9305326226224728,348,364,False,False,False,False,0,False
feature_478,0.0,446,,,,,,0.1372683596431022,0.0,-0.0370497448902286,0.0370497448902286,0.7913171792159812,0.9305326226224728,348,364,False,False,False,False,0,False
