feature,impurity_importance,impurity_rank
feature_59,0.018814414586384012,1
feature_103,0.016160310374321724,2
feature_33,0.012556343577552058,3
feature_519,0.009435907460448974,4
feature_64,0.008592711878157142,5
feature_205,0.008512013828323955,6
feature_477,0.008292947261553538,7
feature_129,0.00751789571089692,8
feature_31,0.007298318180919101,9
feature_213,0.007210080785498987,10
feature_130,0.006626997151282929,11
feature_65,0.006561328062056255,12
feature_351,0.006545165053397984,13
feature_21,0.006460331237811215,14
feature_510,0.006326919466955711,15
feature_247,0.006218476488128913,16
feature_281,0.00605175960005832,17
feature_452,0.005306853570737956,18
feature_577,0.005126291019353008,19
feature_125,0.0050326474168366645,20
feature_81,0.005027225075004032,21
feature_336,0.004960458691640829,22
feature_341,0.004815255261463827,23
feature_102,0.004725775609671668,24
feature_316,0.004685574976592846,25
feature_200,0.0045927997625737045,26
feature_423,0.004568233251197715,27
feature_287,0.004472279996542555,28
feature_14,0.00445582975149474,29
feature_0,0.004424730733869659,30
feature_180,0.0043754297586742425,31
feature_270,0.004367021293578731,32
feature_127,0.004243757534248957,33
feature_469,0.003981918411277478,34
feature_455,0.003962225431110591,35
feature_90,0.0039368369512468365,36
feature_319,0.00392487380987994,37
feature_122,0.003914081945359126,38
feature_91,0.003913548546867392,39
feature_124,0.0038622635022274193,40
feature_8,0.0038292339399484667,41
feature_121,0.0038169711142232486,42
feature_75,0.003747228093470433,43
feature_160,0.00366918900465842,44
feature_146,0.0036401474933801226,45
feature_587,0.00361369921441163,46
feature_152,0.003580819068669535,47
feature_126,0.0035032709837274877,48
feature_182,0.003446789251548878,49
feature_280,0.0034154850658435626,50
feature_385,0.003368650745792356,51
feature_70,0.0033230698608169773,52
feature_390,0.0033219661217075537,53
feature_227,0.0032647598567095973,54
feature_310,0.003263530889980398,55
feature_197,0.0032588738350759166,56
feature_37,0.003221245584291877,57
feature_429,0.003208088950968724,58
feature_489,0.0031998319547493653,59
feature_377,0.003186185525448924,60
feature_488,0.0031840168901386616,61
feature_571,0.0031826598863871902,62
feature_10,0.003179715335373064,63
feature_183,0.003154777586196313,64
feature_137,0.0031111222143194004,65
feature_323,0.0030993243931383765,66
feature_298,0.0030736431479866386,67
feature_573,0.0030564362517361754,68
feature_460,0.0030400918683323613,69
feature_16,0.0030096172073052416,70
feature_35,0.0030051134618324835,71
feature_431,0.002995689256298634,72
feature_195,0.0029871963378491385,73
feature_408,0.0029773564076057404,74
feature_168,0.0029266874519808827,75
feature_574,0.0029045967960722656,76
feature_174,0.002902883164208319,77
feature_348,0.0028999908957235998,78
feature_63,0.0028796164536053206,79
feature_217,0.002868046102751027,80
feature_252,0.0028505906821597437,81
feature_28,0.002849873011989093,82
feature_202,0.0028040503506283794,83
feature_420,0.0027953177277932383,84
feature_582,0.002784294106762732,85
feature_78,0.0027750752713694153,86
feature_39,0.002743998711939567,87
feature_459,0.0027417636208501204,88
feature_288,0.00273663677573728,89
feature_417,0.0027261998071227995,90
feature_175,0.0027168248090705424,91
feature_309,0.0027115035957983795,92
feature_410,0.0027068822808628047,93
feature_92,0.0026970177584030304,94
feature_147,0.0026865165574539054,95
feature_433,0.0026855001279060655,96
feature_67,0.0026798662202591975,97
feature_424,0.0026603863433113536,98
feature_426,0.002660349790148931,99
feature_299,0.0026565628633440476,100
feature_318,0.0026451567673251644,101
feature_68,0.002638624467999558,102
feature_203,0.0026218650783127895,103
feature_443,0.0026197338366573003,104
feature_411,0.0026066562770088713,105
feature_19,0.0026034716095408084,106
feature_428,0.002600927554520185,107
feature_83,0.0025987678581631418,108
feature_588,0.0025879151330196054,109
feature_480,0.0025720120180743574,110
feature_333,0.0025682487997767513,111
feature_273,0.002560680702259716,112
feature_150,0.002553236306854672,113
feature_135,0.0025225332724220753,114
feature_26,0.002502982758930359,115
feature_131,0.002492189611123619,116
feature_153,0.002483728855125935,117
feature_40,0.002472426197481956,118
feature_17,0.002469397034425874,119
feature_307,0.002445878710895057,120
feature_71,0.002427075735686421,121
feature_335,0.0024262662722187565,122
feature_250,0.002425731599851613,123
feature_274,0.002423472546462842,124
feature_156,0.002410372960774783,125
feature_123,0.0023996964197995738,126
feature_196,0.0023985259120873174,127
feature_296,0.0023870831589902337,128
feature_352,0.0023865664679728455,129
feature_541,0.0023760434641818293,130
feature_76,0.002357661936034085,131
feature_61,0.0023517833097887473,132
feature_25,0.002345433648634956,133
feature_272,0.002338564691674831,134
feature_291,0.0023349554844054325,135
feature_438,0.002319222826754958,136
feature_117,0.002307570505238731,137
feature_43,0.002303026989084318,138
feature_128,0.0022864908844463182,139
feature_144,0.002285703518330634,140
feature_356,0.0022851245602231065,141
feature_331,0.0022796866631065293,142
feature_484,0.002275413225446925,143
feature_22,0.0022618209153124724,144
feature_539,0.0022537220892633486,145
feature_48,0.0022459273042581803,146
feature_560,0.0022447064834981772,147
feature_1,0.002241112582796985,148
feature_87,0.002239932695633225,149
feature_47,0.002237485722886223,150
feature_58,0.0022333856968179914,151
feature_215,0.0022117452069280426,152
feature_547,0.0022084035964072195,153
feature_563,0.002207872761876094,154
feature_285,0.002202339044738633,155
feature_115,0.002200004282220361,156
feature_113,0.0021961533404254614,157
feature_187,0.002189434616968502,158
feature_344,0.002187174188991768,159
feature_46,0.002186236945370383,160
feature_304,0.0021803107309628107,161
feature_286,0.0021785243890602387,162
feature_435,0.002171479112363936,163
feature_219,0.0021693737309392246,164
feature_79,0.002168528679738454,165
feature_365,0.0021574141339347225,166
feature_62,0.002138575284870897,167
feature_440,0.002136599709159568,168
feature_447,0.0021364103249380917,169
feature_353,0.0021336326449366127,170
feature_321,0.0021268871890389217,171
feature_317,0.002125493377245068,172
feature_413,0.0021200745572582226,173
feature_405,0.0021105446499437536,174
feature_453,0.0021101076444871823,175
feature_522,0.0020933662952023076,176
feature_475,0.0020913495314428335,177
feature_214,0.0020871807619744767,178
feature_343,0.0020850269048738003,179
feature_210,0.0020791973165355496,180
feature_575,0.0020765855383513367,181
feature_223,0.0020761580555211387,182
feature_456,0.002074422919140828,183
feature_216,0.002073758410360553,184
feature_105,0.002072493918753666,185
feature_446,0.0020715074374797297,186
feature_30,0.0020703755652864905,187
feature_425,0.002062442704031643,188
feature_176,0.002059148708123688,189
feature_100,0.002057620356054724,190
feature_439,0.002056948331461114,191
feature_9,0.00205624072577851,192
feature_267,0.002050048821378501,193
feature_497,0.002047130962492536,194
feature_218,0.002042296436305517,195
feature_98,0.0020418511515127454,196
feature_471,0.0020401747842451736,197
feature_20,0.002036018281502137,198
feature_211,0.0020340907802216123,199
feature_491,0.0020330948989787825,200
feature_494,0.002028103061516742,201
feature_138,0.0020262502464427623,202
feature_159,0.0020225973028775053,203
feature_388,0.0020156483278067966,204
feature_468,0.0020132186234029436,205
feature_303,0.0019957632058342644,206
feature_355,0.0019902833116417174,207
feature_44,0.0019816658751429044,208
feature_421,0.001968467651861585,209
feature_2,0.0019583920494005043,210
feature_454,0.001946191952582279,211
feature_204,0.0019459391278689182,212
feature_412,0.001945605055726373,213
feature_38,0.0019425506054945717,214
feature_312,0.0019339039223644067,215
feature_434,0.001919709754909102,216
feature_556,0.0019088908551892975,217
feature_239,0.0019060936485500023,218
feature_391,0.0019040848329530233,219
feature_524,0.0019038372269600708,220
feature_145,0.0019035687281717915,221
feature_290,0.0019031586326763955,222
feature_54,0.0019001133295543618,223
feature_392,0.0018988782407758063,224
feature_416,0.001885363147432624,225
feature_430,0.001884210000505905,226
feature_86,0.0018791617774873695,227
feature_363,0.0018749917332067214,228
feature_554,0.0018690067831365989,229
feature_173,0.001863689542415832,230
feature_253,0.0018616025741347193,231
feature_140,0.0018522310720050015,232
feature_311,0.0018461877684166446,233
feature_177,0.0018383227340197264,234
feature_134,0.0018282762772832502,235
feature_228,0.0018266783422726046,236
feature_51,0.0018194023724267358,237
feature_143,0.0018167473367325777,238
feature_552,0.00180853576400669,239
feature_185,0.001808016486059859,240
feature_60,0.0018013339770356835,241
feature_295,0.0017970769742895697,242
feature_207,0.0017924546822607993,243
feature_55,0.00179164100511064,244
feature_120,0.001789881093883713,245
feature_208,0.0017861021668433713,246
feature_15,0.00178554220720266,247
feature_184,0.0017744241015479204,248
feature_553,0.0017707167744532531,249
feature_349,0.001766761592383072,250
feature_201,0.0017612213497857582,251
feature_339,0.0017588661525620014,252
feature_324,0.00175761214776406,253
feature_320,0.001745930410868847,254
feature_198,0.0017453068840635124,255
feature_133,0.0017389856939228597,256
feature_181,0.0017356193676625,257
feature_559,0.001735284183936132,258
feature_172,0.001715242483318222,259
feature_487,0.0017150455836863992,260
feature_486,0.0017120186566091072,261
feature_163,0.0016998148334970292,262
feature_56,0.001695932333834377,263
feature_108,0.0016954201523929474,264
feature_170,0.0016911437307482664,265
feature_66,0.0016898725619465906,266
feature_572,0.0016884435546005911,267
feature_57,0.0016880415107998756,268
feature_445,0.0016875323128731996,269
feature_549,0.001680076726714888,270
feature_162,0.0016638496868467353,271
feature_406,0.0016620320384245766,272
feature_300,0.0016498167577269753,273
feature_3,0.0016416794137175412,274
feature_483,0.0016382000051363252,275
feature_118,0.0016364998563454733,276
feature_107,0.0016361848016277338,277
feature_45,0.001635756242442361,278
feature_496,0.0016259281085297533,279
feature_50,0.001622359012907267,280
feature_255,0.0016200199212074242,281
feature_89,0.0016175705775078875,282
feature_457,0.0016081424108535093,283
feature_199,0.0015905513185719695,284
feature_294,0.001584589501566563,285
feature_254,0.0015842367286167177,286
feature_525,0.0015770203480419864,287
feature_222,0.0015725868860992664,288
feature_99,0.0015723520191485729,289
feature_154,0.0015679520524744344,290
feature_448,0.0015628392332076588,291
feature_437,0.0015622325283887438,292
feature_24,0.0015600165175199629,293
feature_88,0.0015590039844340135,294
feature_527,0.0015589346526460887,295
feature_96,0.0015517347303013727,296
feature_555,0.0015499923435901698,297
feature_576,0.001548997067260102,298
feature_188,0.0015466187713372786,299
feature_268,0.001545597018919176,300
feature_583,0.0015444624848839276,301
feature_444,0.0015431076447486728,302
feature_418,0.0015383003115863655,303
feature_34,0.0015379866770023835,304
feature_283,0.001532882181290359,305
feature_585,0.0015297770963468935,306
feature_407,0.0015265384499072877,307
feature_562,0.0015217973475544777,308
feature_570,0.0015205722295718203,309
feature_224,0.0015173954465741708,310
feature_366,0.0015067370995642893,311
feature_362,0.0015046457608663285,312
feature_340,0.0014928994452306106,313
feature_474,0.0014923583754411916,314
feature_212,0.0014887678268378337,315
feature_289,0.0014861303485714354,316
feature_584,0.0014815127256686904,317
feature_84,0.0014758552329645115,318
feature_523,0.001473554316709665,319
feature_27,0.0014713282790169702,320
feature_479,0.0014699402241951007,321
feature_550,0.0014692040941915374,322
feature_139,0.0014626448387755286,323
feature_275,0.0014612105267790944,324
feature_415,0.001451709409845968,325
feature_279,0.0014433942173629594,326
feature_164,0.0014409590250941432,327
feature_551,0.001435418023820344,328
feature_305,0.0014327942784515368,329
feature_526,0.0014189420674878127,330
feature_282,0.0014189100737170093,331
feature_568,0.001418809628804559,332
feature_338,0.0014087079752333903,333
feature_36,0.0014082552102479672,334
feature_29,0.0014061252728968653,335
feature_238,0.0014048628855596623,336
feature_548,0.0013959753741485047,337
feature_308,0.0013914317709295934,338
feature_297,0.001389519035462965,339
feature_155,0.0013879573697105085,340
feature_169,0.001387512895462573,341
feature_359,0.0013857218921492576,342
feature_393,0.0013850518170517793,343
feature_565,0.001364204126899291,344
feature_116,0.001361559027180368,345
feature_171,0.001361330601682228,346
feature_472,0.0013558133832313813,347
feature_77,0.0013517712055664869,348
feature_53,0.0013486174349564394,349
feature_540,0.0013330230583040114,350
feature_11,0.0013287536217998278,351
feature_269,0.0013267864335575364,352
feature_368,0.001305751860498908,353
feature_12,0.0012912644612470341,354
feature_132,0.0012848302908409557,355
feature_32,0.0012797194258062936,356
feature_23,0.0012788560048710544,357
feature_427,0.001273042457913579,358
feature_306,0.0012719033036997656,359
feature_558,0.0012708784772128819,360
feature_499,0.0012700882012643543,361
feature_6,0.0012664398440226437,362
feature_561,0.001266121803084619,363
feature_4,0.0012660626364551409,364
feature_302,0.0012532880382668313,365
feature_271,0.0012447369975614677,366
feature_442,0.0012392603355895087,367
feature_490,0.0012206375168337565,368
feature_112,0.0012127074011475836,369
feature_493,0.0012087073882935573,370
feature_357,0.0012050122103082776,371
feature_569,0.001204986251694867,372
feature_436,0.0012018492661121632,373
feature_301,0.0011972702139376305,374
feature_566,0.0011815404730526032,375
feature_165,0.0011804658937799937,376
feature_485,0.0011754055865620771,377
feature_18,0.001172266961423459,378
feature_142,0.0011678424404747746,379
feature_225,0.0011510158758444035,380
feature_467,0.0011439598945738262,381
feature_106,0.0011424433636654716,382
feature_511,0.0011375408905493658,383
feature_148,0.0011259744893446326,384
feature_409,0.0011227103818751783,385
feature_589,0.0011103810934480927,386
feature_500,0.0011093768848044736,387
feature_337,0.0010909807415969298,388
feature_104,0.0010832762149818984,389
feature_567,0.001077088250665338,390
feature_167,0.001076853043176851,391
feature_93,0.0010759721649350792,392
feature_248,0.0010702185279600394,393
feature_350,0.0010688951441230928,394
feature_7,0.0010627605437256874,395
feature_151,0.0010570219844257237,396
feature_119,0.0010437062302999366,397
feature_82,0.001041287137005233,398
feature_354,0.0010380924093773617,399
feature_476,0.0010376308103945122,400
feature_360,0.0010285068921300979,401
feature_470,0.0010230305122990095,402
feature_251,0.00102061161676625,403
feature_361,0.0010175894160514838,404
feature_221,0.0010105045341266483,405
feature_334,0.0010065049125305382,406
feature_473,0.000977983699433081,407
feature_495,0.000970623575757372,408
feature_586,0.000967770927528517,409
feature_161,0.0009592728625643285,410
feature_482,0.0009402528304348008,411
feature_432,0.0009226071486590408,412
feature_95,0.0009095780447945989,413
feature_389,0.0008994556243596398,414
feature_546,0.0008790141291180874,415
feature_386,0.000874441827274396,416
feature_277,0.000870123264148049,417
feature_332,0.000851007493590966,418
feature_419,0.0008202545349841473,419
feature_41,0.0007792451288727369,420
feature_543,0.0007772168824086242,421
feature_278,0.0007625131324235049,422
feature_101,0.0007467403961119728,423
feature_441,0.0007388153685984832,424
feature_166,0.0007326112671782882,425
feature_542,0.0006951570321805238,426
feature_557,0.0006810115894535688,427
feature_136,0.0006574389659729244,428
feature_544,0.0006429843263452501,429
feature_80,0.0006398237973880062,430
feature_367,0.0006322888408102109,431
feature_564,0.0005938480603928933,432
feature_94,0.0005649601769988511,433
feature_545,0.000534568306008376,434
feature_376,0.0004901120226633975,435
feature_520,0.0003506341714826167,436
feature_249,0.00025544326090210076,437
feature_114,0.00024085332809897075,438
feature_387,0.0001462778329979757,439
feature_521,4.218539952798692e-05,440
feature_209,0.0,441
feature_347,0.0,442
feature_342,0.0,443
feature_206,0.0,444
feature_74,0.0,445
feature_478,0.0,446
