feature,pass_n,fail_n,pass_mean,fail_mean,mean_diff,standardized_mean_diff,mannwhitney_u,p_value,abs_standardized_mean_diff
feature_59,1456,104,2.563464217032967,8.515123076923079,5.951658859890111,0.5901345261098715,104791.5,5.6786377604731255e-11,0.5901345261098715
feature_103,1461,104,-0.009912662559890486,-0.008052884615384615,0.001859777944505871,0.571259461211115,101524.0,9.550429878231896e-09,0.571259461211115
feature_129,1454,104,-0.5879594222833563,-0.08264134615384615,0.5053180761295102,0.47798147595456103,93602.0,4.831540255418541e-05,0.47798147595456103
feature_28,1462,103,69.59803235294117,68.10140582524272,-1.496626527698453,-0.4443901664849148,57659.0,6.955945523698205e-05,0.4443901664849148
feature_510,1461,104,54.44059137577002,74.34794903846154,19.907357662691517,0.42726736652378905,96642.5,3.45261223775805e-06,0.42726736652378905
feature_316,1462,104,6.00126073871409,5.635603846153846,-0.3656568925602439,-0.38404300673442066,59398.5,0.0001907070076583606,0.38404300673442066
feature_124,1454,104,15.791836313617605,15.834807692307692,0.04297137869008694,0.37715008171280784,91043.0,0.0004928452773214519,0.37715008171280784
feature_125,1454,104,1.191248280605227,1.0969807692307691,-0.09426751137445777,-0.3688751362331432,61570.5,0.001538907458109188,0.3688751362331432
feature_121,1454,104,15.794160935350757,15.828076923076923,0.03391598772616611,0.349915316735705,88674.0,0.0031797686364494434,0.349915316735705
feature_122,1454,104,3.917335625859698,3.6335096153846154,-0.2838260104750825,-0.3461413250967998,62371.5,0.0028239427539653124,0.3461413250967998
feature_21,1462,103,-5636.437585499316,-5362.27427184466,274.1633136546561,0.3459882104960804,90858.5,0.0004461412473224361,0.3459882104960804
feature_130,1454,104,0.7432802613480054,0.7686903846153847,0.025410123267379348,0.34537551454794285,87303.0,0.008327591922210454,0.34537551454794285
feature_180,1462,104,19.082701778385772,18.03701923076923,-1.0456825476165434,-0.34073904608362926,61895.5,0.0015210314248363316,0.34073904608362926
feature_127,1454,104,0.6511958046767538,0.610475,-0.040720804676753763,-0.33443800568764226,63400.5,0.005885085686092083,0.33443800568764226
feature_348,1439,104,0.024290687977762338,0.03044807692307692,0.006157388945314583,0.3330256333725385,88675.0,0.001602322652465056,0.3330256333725385
feature_452,1462,104,5.365711764705882,5.081178846153847,-0.2845329185520349,-0.33255276766379327,62500.5,0.002406464048066626,0.33255276766379327
feature_431,1462,103,21.191220656634748,38.92410291262136,17.73288225598661,0.31080050657230945,88629.0,0.0026276979648035765,0.31080050657230945
feature_298,1462,103,0.06205738714090288,0.08860291262135923,0.026545525480456356,0.30287935434829855,88670.0,0.002548766402706432,0.30287935434829855
feature_210,1439,104,0.08770653231410702,0.10490576923076925,0.017199236916662225,0.3023426552324871,85779.0,0.01257856295864627,0.3023426552324871
feature_163,1462,103,0.13695690834473323,0.18630097087378644,0.04934406252905321,0.30050273074952155,87861.0,0.004581631291229939,0.30050273074952155
feature_247,781,71,0.05174135723431498,0.07132816901408451,0.01958681177976953,0.2971495691927049,37410.5,1.0716525125366942e-06,0.2971495691927049
feature_295,1462,103,246.0590158002736,351.50814368932043,105.44912788904682,0.2970708127377603,87313.5,0.006698293961603759,0.2970708127377603
feature_123,1454,104,15.827565337001374,15.858942307692306,0.03137697069093193,0.29548897345822406,85086.5,0.03237084518709244,0.29548897345822406
feature_79,1439,104,0.002979082696316887,0.010089423076923076,0.007110340380606189,0.2951276319446781,87483.5,0.003927570393785748,0.2951276319446781
feature_160,1462,103,541.6046511627907,750.3980582524272,208.7934070896365,0.29493205715953136,87231.5,0.0070814150841923985,0.29493205715953136
feature_56,1460,103,0.928733698630137,0.9304883495145633,0.0017546508844262787,0.29487676244187466,87098.5,0.007146788258542595,0.29487676244187466
feature_133,1455,104,1003.9246225429551,1005.7005471153848,1.7759245724296306,0.2862845946925058,87598.5,0.007110330384087211,0.2862845946925058
feature_430,1462,103,17.368449863201093,33.37019805825242,16.001748195051327,0.2808080404540675,84381.0,0.04036764142639243,0.2808080404540675
feature_14,1460,104,9.056840547945205,8.282810576923076,-0.774029971022129,-0.2793851930567336,64921.5,0.013456156102097121,0.2793851930567336
feature_434,1462,103,13.719237346101233,29.136890291262137,15.417652945160905,0.27587831040748934,85618.0,0.019858493887407905,0.27587831040748934
feature_519,781,71,11.393324455825866,15.41470985915493,4.021385403329065,0.26698276804380056,37368.5,1.1928985833797455e-06,0.26698276804380056
feature_435,1462,103,8.376003761969905,23.48906893203884,15.113065170068936,0.26674811938255744,80518.5,0.23853334439922458,0.26674811938255744
feature_294,1462,103,391.4182911080711,549.3839077669903,157.9656166589192,0.2626165726470064,83909.0,0.05195664597511404,0.2626165726470064
feature_436,1462,103,6.5329430232558146,21.428146601941748,14.895203578685933,0.2612377763918683,74910.0,0.9312400822090607,0.2612377763918683
feature_575,1463,104,0.10568195488721806,0.09132596153846155,-0.014355993348756507,-0.25986063488631034,69578.5,0.1450824471601956,0.25986063488631034
feature_573,1463,104,0.3490719070403281,0.29730865384615385,-0.05176325319417424,-0.25852841593476256,68953.5,0.11020087170835373,0.25852841593476256
feature_159,1462,103,862.2756497948017,1172.3106796116506,310.0350298168489,0.2551402662270369,83755.0,0.05629363114255013,0.2551402662270369
feature_299,1462,103,0.0572109439124487,0.10364271844660194,0.046431774534153245,0.25309564131242573,82132.0,0.1229179362419002,0.25309564131242573
feature_164,1462,103,0.12227633378932969,0.20836893203883494,0.08609259824950526,0.252133534319231,80759.5,0.21754659752931327,0.252133534319231
feature_577,1463,104,16.80752918660287,14.318917307692308,-2.4886118789105627,-0.24569847886914248,69686.5,0.15188765729180378,0.24569847886914248
feature_64,1456,104,20.440290521978024,21.967568269230767,1.527277747252743,0.24269545863037806,81786.0,0.17116935142388323,0.24269545863037806
feature_300,1462,103,0.11345389876880985,0.1883961165048544,0.07494221773604456,0.2425450454692533,76388.0,0.8049866755542071,0.2425450454692533
feature_543,1461,104,0.008491854893908283,0.008175961538461538,-0.00031589335544674434,-0.2405252021732634,67682.0,0.04748173975469337,0.2405252021732634
feature_165,1462,103,0.2429199726402189,0.3812718446601943,0.13835187201997542,0.24013601508404708,76261.5,0.8271451327932071,0.24013601508404708
feature_280,1461,104,0.018120807665982203,0.016807692307692305,-0.0013131153582898979,-0.23886136595364665,68757.0,0.1051874135727399,0.23886136595364665
feature_460,1462,104,28.98199001367989,32.225772115384615,3.243782101704724,0.2372284182105276,87539.0,0.009763089188589695,0.2372284182105276
feature_95,1457,104,5.8339052848318466e-05,8.365384615384616e-05,2.5314793305527696e-05,0.23686588167917172,87218.5,0.005953039589264466,0.23686588167917172
feature_100,1457,104,-2.7453671928620443e-05,6.538461538461539e-05,9.283828731323583e-05,0.23628183222526222,84677.5,0.04339827597542954,0.23628183222526222
feature_58,1460,103,4.592049383561644,4.611205825242719,0.019156441681074554,0.23566363511360405,84854.0,0.02904985455029387,0.23566363511360405
feature_455,1462,104,3.6225541039671683,3.834556730769231,0.21200262680206272,0.23540305678438625,86913.0,0.014540695105237,0.23540305678438625
feature_90,1413,103,8833.289516985138,8748.61942038835,-84.67009659678843,-0.23494330380349548,63573.5,0.03204922295486527,0.23494330380349548
feature_183,1462,104,26.559824076607384,28.08586538461539,1.5260413080080042,0.23352799100056323,86817.5,0.015427338903069791,0.23352799100056323
feature_63,1456,104,13.875941071428569,15.585729807692307,1.7097887362637376,0.23173796780380593,83270.0,0.0886008506271989,0.23173796780380593
feature_22,1462,103,2705.15817373461,2617.339805825243,-87.81836790936723,-0.2311417777941843,69026.0,0.15747827432696127,0.2311417777941843
feature_26,1462,103,1.9425754445964432,1.8803,-0.062275444596443075,-0.22942641246691267,75633.5,0.9388639129561653,0.22942641246691267
feature_33,1462,104,8.931261764705882,9.3681875,0.4369257352941176,0.22640677587251234,92836.0,0.00016136083495336387,0.22640677587251234
feature_468,1456,104,227.59087953296702,176.3233951923077,-51.26748434065934,-0.22405915376423163,64562.5,0.011840362103969224,0.22405915376423163
feature_319,1462,104,7.885228522571818,8.349119230769231,0.46389070819741285,0.22135211503103688,86627.0,0.017339146618020992,0.22135211503103688
feature_542,1461,104,0.11124565366187543,0.11068557692307694,-0.0005600767387984873,-0.21995231328344045,68099.0,0.060135328289601726,0.21995231328344045
feature_76,1439,104,-0.02889339819318971,-0.036268269230769236,-0.007374871037579524,-0.21768568902214794,65463.0,0.03283849123845793,0.21768568902214794
feature_545,1461,104,7.627522861054072,7.3849519230769225,-0.2425709379771499,-0.2164167070958239,69360.0,0.11542099613156659,0.2164167070958239
feature_31,1462,103,3.6801824213406293,3.5739291262135926,-0.10625329512703674,-0.21457248449052432,74644.5,0.8837820482368821,0.21457248449052432
feature_126,1454,104,2.746995873452545,2.802913461538462,0.05591758808591685,0.21448200402819895,85033.5,0.03346499683355657,0.21448200402819895
feature_281,1461,104,0.015164613278576317,0.014102884615384614,-0.0010617286631917026,-0.21358995909195866,66720.5,0.03774640508341815,0.21358995909195866
feature_511,1461,104,271.14984818617387,343.82616923076927,72.6763210445954,0.21329120167078114,84983.0,0.028750711887393643,0.21329120167078114
feature_547,1221,86,403.4817182637183,404.4659069767442,0.984188713025901,0.21123954153852645,57210.0,0.16389334592443716,0.21123954153852645
feature_145,1461,104,0.06393230663928816,0.05925384615384615,-0.004678460485442008,-0.2078685281624539,70658.0,0.23276769312536483,0.2078685281624539
feature_70,1457,104,619.2342210706933,617.2449288461539,-1.9892922245393265,-0.2057565732348109,68002.0,0.08052822614975857,0.2057565732348109
feature_112,781,71,0.4569235595390525,0.46429295774647894,0.007369398207426436,0.20247826956048726,32899.0,0.009170209067836962,0.20247826956048726
feature_143,1454,104,0.00418445667125172,0.003959615384615384,-0.00022484128663633526,-0.1973476564718375,68127.5,0.09129006797918031,0.1973476564718375
feature_40,1439,104,68.23984155663655,63.27060576923077,-4.969235787405779,-0.1968287051070608,61202.5,0.0019027763649620514,0.1968287051070608
feature_146,1461,104,0.05526351813826146,0.05144903846153846,-0.0038144796767229996,-0.19488382787320133,68798.0,0.10718737627226577,0.19488382787320133
feature_65,1456,104,27.027495535714284,28.592296153846153,1.5648006181318692,0.1932580138487901,81808.5,0.1695889908374082,0.1932580138487901
feature_562,1214,80,262.8255634266886,261.2747,-1.5508634266885792,-0.19281619141619832,43753.0,0.1319605336200197,0.19281619141619832
feature_569,1214,80,20.981064250411865,23.1907275,2.209663249588136,0.19219358403351655,52385.0,0.23066610586525216,0.19219358403351655
feature_205,1457,104,8.88474262182567,11.367019230769232,2.482276608943563,0.19122998410699088,93836.5,4.717189402092541e-05,0.19122998410699088
feature_365,1461,104,0.005159479808350445,0.005747115384615384,0.000587635576264939,0.19040055643967604,86436.5,0.018749560924517603,0.19040055643967604
feature_188,1462,104,42.93837346101231,47.049798076923075,4.111424615910764,0.18892285619186377,84795.5,0.04902123521621223,0.18892285619186377
feature_416,1454,104,3.4160290921595595,3.2410451923076926,-0.1749838998518669,-0.18878442724478411,68019.5,0.08690057149851117,0.18878442724478411
feature_423,1460,104,77.24380842465753,83.5093951923077,6.265586767650163,0.18778455923511128,83546.0,0.08660277424696433,0.18778455923511128
feature_484,1439,104,217.79632022237666,180.59559615384615,-37.20072406853052,-0.1862908984487927,68172.0,0.1288159263584143,0.1862908984487927
feature_181,1462,104,0.5493632010943912,0.5103173076923078,-0.03904589340208342,-0.18584320749036778,68245.0,0.08086800254826074,0.18584320749036778
feature_411,1449,104,2.6091006211180123,2.713416346153846,0.10431572503583375,0.1854196719915889,80828.0,0.21483182853254745,0.1854196719915889
feature_138,1449,104,57.44575458937197,59.79421923076923,2.348464641397257,0.18377768567553743,80139.5,0.2781217909250491,0.18377768567553743
feature_200,1456,104,17.459471153846152,19.570288461538464,2.1108173076923116,0.18229519258458715,87542.5,0.007687641485583488,0.18229519258458715
feature_114,1463,104,9.200273410799727e-05,0.0005519230769230768,0.00045992034281507955,0.18124851308102294,77304.0,0.17673210914130733,0.18124851308102294
feature_488,1439,104,355.759291104934,309.1308076923077,-46.62848341262628,-0.18117020545106324,66694.0,0.06337415415007971,0.18117020545106324
feature_433,1462,103,202.657510875513,246.1401019417476,43.48259106623459,0.1808817774963164,81534.0,0.15885279993200463,0.1808817774963164
feature_175,1462,104,0.776713269493844,0.7967451923076924,0.020031922813848357,0.17996213581040943,84921.0,0.04587009353253834,0.17996213581040943
feature_437,1462,103,3.9868538987688096,4.441639805825242,0.45478590705643285,0.1797958478786657,79095.0,0.391143161839268,0.1797958478786657
feature_249,1463,104,0.0007857826384142174,0.004996153846153846,0.0042103712077396285,0.1796243505152211,77304.0,0.17673213351720718,0.1796243505152211
feature_387,1463,104,0.00025105946684894056,0.0015798076923076924,0.0013287482254587517,0.17939963670643097,77304.0,0.17673212539190708,0.17939963670643097
feature_115,1463,104,747.9533277511962,739.3719509615386,-8.581376789657611,-0.17893242241805846,68153.0,0.0755994930729072,0.17893242241805846
feature_582,1462,104,0.5000534883720931,0.5006961538461538,0.0006426654740607773,0.17769563781153042,84594.0,0.05444525900514268,0.17769563781153042
feature_453,1462,104,5.485977154582763,5.109446153846154,-0.37653100073660895,-0.17758731935037628,68560.5,0.09396116957819657,0.17758731935037628
feature_446,1462,104,1.1730511627906979,1.202444230769231,0.029393067978533027,0.17414915738270956,84614.0,0.05389413863844473,0.17414915738270956
feature_417,1461,104,8.237010814510608,7.543214423076924,-0.6937963914336844,-0.1716290588607961,64624.0,0.010824458582632113,0.1716290588607961
feature_78,1439,104,-0.013082835302293254,-0.0213875,-0.008304664697706746,-0.17159737577539788,64861.0,0.023132468687752213,0.17159737577539788
feature_37,1462,104,66.2179221614227,66.26838653846153,0.05046437703882134,0.17151511280621526,85558.5,0.03238246641747737,0.17151511280621526
feature_385,781,71,0.011244942381562099,0.013429577464788732,0.002184635083226633,0.17124172367154045,35130.0,0.00019176536922827818,0.17124172367154045
feature_197,1457,104,19.93495538778312,22.302788461538462,2.3678330737553424,0.17059788450958782,85045.5,0.03663824687614258,0.17059788450958782
feature_341,1457,104,2.683375909402883,3.414610576923077,0.731234667520194,0.16998947008886175,92357.0,0.00018691545877558445,0.16998947008886175
feature_477,1457,104,6.105093548387096,8.398981730769231,2.293888182382135,0.16944205056551617,94143.0,3.5000837767598875e-05,0.16944205056551617
feature_310,1462,104,0.3042941176470588,0.31118557692307697,0.0068914592760181415,0.1686690863885232,83536.0,0.09184157484786779,0.1686690863885232
feature_32,1462,104,85.30929938440491,85.73346442307692,0.42416503867201527,0.16858391195575112,83058.0,0.11445461280966109,0.16858391195575112
feature_469,1457,104,5.617964035689774,6.283320192307693,0.6653561566179187,0.16768797653915363,85391.0,0.030191812755848948,0.16768797653915363
feature_574,1463,104,9.41139090909091,5.658487500000001,-3.7529034090909095,-0.16765493530949263,77632.5,0.7271099102431076,0.16765493530949263
feature_213,1439,104,0.0597189020152884,0.06902499999999999,0.00930609798471159,0.16750450424978877,84094.0,0.03473003170801541,0.16750450424978877
feature_317,1462,104,0.17339555403556772,0.16185480769230767,-0.01154074634326005,-0.16632000322814283,68561.0,0.0939830388216803,0.16632000322814283
feature_567,1214,80,0.0597004942339374,0.0659425,0.006242005766062604,0.1657311058349878,50625.0,0.5176061641319832,0.1657311058349878
feature_38,1462,104,86.83031080711355,86.92465865384614,0.09434784673258889,0.165373762801738,82815.0,0.12752127327819152,0.165373762801738
feature_565,1214,80,0.14465510708401977,0.16009250000000003,0.015437392915980258,0.16533215037120821,50688.0,0.5049097906436892,0.16533215037120821
feature_333,1457,104,6.171586479066574,6.836201923076923,0.6646154440103489,0.1639259708027536,85946.0,0.021874952990258364,0.1639259708027536
feature_471,1457,104,9.476705078929307,11.909639423076923,2.4329343441476166,0.16365594072916967,79717.0,0.3734818000050171,0.16365594072916967
feature_19,1454,103,12.479256052269603,12.506132038834949,0.0268759865653454,0.16309218675499204,76955.5,0.6381058868796854,0.16309218675499204
feature_554,1221,86,0.4934769041769042,0.6481976744186047,0.15472077024170044,0.16179928284774908,54163.5,0.6234282687307127,0.16179928284774908
feature_102,1457,104,0.0018416609471516821,-0.009071153846153847,-0.010912814793305529,-0.16159339217972404,63366.0,0.005245170351186244,0.16159339217972404
feature_214,1439,104,0.08376601806810285,0.07638365384615385,-0.007382364221949003,-0.16101582646713672,72407.0,0.5812211320583613,0.16101582646713672
feature_445,1462,104,0.6456683310533516,0.6670740384615385,0.021405707408186814,0.16098383034823624,82808.0,0.1279142487983457,0.16098383034823624
feature_351,1439,104,0.027299861014593467,0.031519230769230765,0.004219369754637298,0.1606084261659447,84606.5,0.02586107283447684,0.1606084261659447
feature_551,1221,86,1.2075757575757575,1.5591860465116278,0.3516102889358703,0.16014467215911513,53822.0,0.6964790720059645,0.16014467215911513
feature_278,1454,104,0.0011207015130674002,0.0010721153846153845,-4.858612845201572e-05,-0.15890757460708868,70158.0,0.2165753214075501,0.15890757460708868
feature_557,1221,86,1.5912058149058148,2.075467441860465,0.48426162695465,0.15874322017368597,53128.0,0.8534521266198343,0.15874322017368597
feature_324,1462,104,13.262205471956225,14.315735576923077,1.0535301049668515,0.15847205864136749,83165.0,0.10904805837751386,0.15847205864136749
feature_318,1462,104,3.2003329685362525,3.0262288461538462,-0.17410412238240625,-0.1584549955636355,71298.5,0.28896502374192745,0.1584549955636355
feature_227,1461,104,0.019005407255304585,0.020805769230769232,0.0018003619754646469,0.15815935132161463,85595.5,0.03068855209934993,0.15815935132161463
feature_553,1221,86,7.672856592956593,8.144241860465119,0.47138526750852616,0.15807213528518485,54142.5,0.627828189720398,0.15807213528518485
feature_174,1462,104,0.319406292749658,0.3300442307692308,0.010637938019572801,0.1576393467422582,82790.5,0.12889972857271634,0.1576393467422582
feature_172,1462,104,0.31940642954856363,0.3300384615384615,0.010632031989897872,0.1575603871259305,82780.0,0.1294945697688337,0.1575603871259305
feature_68,1457,104,147.49656225120108,146.61122596153845,-0.8853362896626322,-0.15589257640783072,68510.5,0.10244117307347339,0.15589257640783072
feature_443,1462,104,0.6325339945280438,0.6537211538461538,0.021187159318109994,0.15501402773920683,82919.5,0.12176639761224828,0.15501402773920683
feature_550,1221,86,16.94230139230139,18.021511627906975,1.0792102356055864,0.15486076035282614,53232.0,0.8293930321692715,0.15486076035282614
feature_144,1461,104,0.12063559206023272,0.11119326923076923,-0.009442322829463487,-0.15468536958784543,65716.5,0.021280296126601525,0.15468536958784543
feature_66,1457,104,706.7896903912148,704.9710125,-1.8186778912147474,-0.1539210009101907,69803.0,0.17956209179280114,0.1539210009101907
feature_279,1461,104,0.04126440793976728,0.03814134615384615,-0.00312306178592113,-0.1526191613908597,65292.5,0.01647580694813676,0.1526191613908597
feature_454,1462,104,7.910945485636114,7.501317307692309,-0.4096281779438051,-0.1525841413005376,72960.5,0.4918274653088104,0.1525841413005376
feature_30,1462,103,0.18383214774281806,0.18879708737864076,0.004964939635822702,0.152570644352139,81278.5,0.17698264479269943,0.152570644352139
feature_572,1463,104,29.191639644565964,18.01961346153846,-11.172026183027505,-0.15173952561371973,76972.0,0.8408237082778734,0.15173952561371973
feature_349,1439,104,0.02512369701181376,0.02703076923076923,0.001907072218955471,0.15005241536884556,78385.5,0.41759223727395023,0.15005241536884556
feature_128,1454,104,3.1899167812929843,3.2238557692307697,0.03393898793778538,0.1473175022209434,83227.0,0.08563560743813177,0.1473175022209434
feature_211,1439,104,0.0564589298123697,0.06085096153846154,0.004392031726091844,0.14713509173088873,77758.0,0.5043904216583891,0.14713509173088873
feature_556,1221,86,4.199779524979525,4.46003953488372,0.2602600099041945,0.14663568320936118,53155.5,0.8470767820285292,0.14663568320936118
feature_196,1456,104,8.464258241758241,11.827692307692306,3.363434065934065,0.14657790338975932,78732.5,0.49621645997181507,0.14657790338975932
feature_199,1457,104,11.303706245710364,14.731153846153846,3.4274476004434824,0.14638046281355618,78916.5,0.4778742895503497,0.14638046281355618
feature_475,1457,104,4.2315596431022655,4.697063461538462,0.46550381843619615,0.14521944711853232,82887.0,0.10876960578890753,0.14521944711853232
feature_203,1457,104,29.861011393273852,33.04502115384616,3.1840097605723052,0.14521874192819303,82196.0,0.147572857598078,0.14521874192819303
feature_428,1454,103,4.295597386519945,3.1641281553398057,-1.131469231180139,-0.14469325766383367,86834.5,0.006713474192153857,0.14469325766383367
feature_155,1454,103,0.5150729023383769,0.395631067961165,-0.1194418343772119,-0.14438284367471121,86902.0,0.006386528953786713,0.14438284367471121
feature_11,1461,104,0.9644611225188228,0.9628307692307693,-0.0016303532880534988,-0.14406845687334752,67277.5,0.05088683188003372,0.14406845687334752
feature_587,1462,104,0.016391792065663473,0.01764326923076923,0.0012514771651057563,0.143955488638711,85205.5,0.03935011780577671,0.143955488638711
feature_301,1462,103,0.9059264021887824,0.9700388349514564,0.06411243276267398,0.14176212741339808,78200.5,0.5119758019176911,0.14176212741339808
feature_182,1462,104,10.815259917920656,10.2925,-0.5227599179206557,-0.14151955782263478,72646.5,0.44852611631873496,0.14151955782263478
feature_170,1462,104,0.6827922024623804,0.7059528846153846,0.023160682153004264,0.14131547297404212,80396.0,0.3265588344038325,0.14131547297404212
feature_166,1462,103,2.7733242134062928,3.009708737864077,0.23638452445778446,0.14080430370499145,76878.0,0.7205614724559354,0.14080430370499145
feature_336,1456,104,9.656458310439561,10.855379807692307,1.198921497252746,0.14043312058755902,88214.5,0.004848972958275927,0.14043312058755902
feature_377,1461,104,0.0015750855578370976,0.0015096153846153846,-6.5470173221713e-05,-0.13475341872844296,67263.0,0.049893826041089044,0.13475341872844296
feature_99,1457,104,0.0007617707618393961,0.012444230769230765,0.01168246000739137,0.13451720104992432,74181.5,0.7216646213397957,0.13451720104992432
feature_479,1457,104,3.2553563486616333,3.676194230769231,0.42083788210759776,0.13085427126437404,84397.0,0.051925680132949105,0.13085427126437404
feature_9,1461,104,-0.0007152635181382615,-0.002607692307692308,-0.0018924287895540463,-0.13064466307759126,72392.5,0.4215463496957432,0.13064466307759126
feature_10,1461,104,6.228610540725528e-05,0.0013182692307692307,0.0012559831253619754,0.1304748703218665,83682.0,0.08339063989820085,0.1304748703218665
feature_272,1457,103,41.15156609471517,43.371633009708745,2.2200669149935734,0.1303394227042901,81902.0,0.12018990575971394,0.1303394227042901
feature_337,1456,104,2.3031941620879124,2.6675057692307695,0.36431160714285715,0.1298118792516931,77573.5,0.6749874850606596,0.1298118792516931
feature_134,1455,104,39.41640233676976,39.050279807692306,-0.366122529077451,-0.1295080612077102,70221.5,0.22016372675167384,0.1295080612077102
feature_576,1463,104,5.69223014354067,3.7563278846153847,-1.9359022589252857,-0.1283813999904383,76958.0,0.8432806789731758,0.1283813999904383
feature_588,1462,104,0.005259507523939808,0.005618269230769231,0.0003587617068294231,0.12826138525670028,83909.5,0.07675147590049278,0.12826138525670028
feature_441,1462,104,0.8004476744186046,0.8250413461538462,0.024593671735241518,0.12686055622174303,79540.5,0.43006858768820777,0.12686055622174303
feature_485,1439,104,202.92620903405142,176.0055971153846,-26.920611918666822,-0.12578643467062112,69715.0,0.24358925800330267,0.12578643467062112
feature_137,1457,103,122.27824296499658,128.55922330097087,6.2809803359742915,0.1254044225786895,81902.5,0.12016266035762194,0.1254044225786895
feature_93,1461,104,-0.0005655030800821356,-0.00018942307692307694,0.0003760800031590586,0.12469183103636483,80361.0,0.3243064667837837,0.12469183103636483
feature_410,1457,103,4.9126717227179135,5.165185436893204,0.2525137141752909,0.1238222371475385,81825.0,0.12440363130482265,0.1238222371475385
feature_424,1460,104,3.3540477397260275,2.773875961538462,-0.5801717781875655,-0.12381738157071027,75417.5,0.9101819141048105,0.12381738157071027
feature_8,1461,104,1.4623094455852155,1.4706192307692305,0.00830978518401504,0.12270377243996021,80912.5,0.26726654516904014,0.12270377243996021
feature_418,1461,104,322.5749663928816,287.7276673076923,-34.84729908518932,-0.1222295360881009,70602.5,0.21967210021251882,0.1222295360881009
feature_151,1460,104,14.232823287671232,11.444384615384614,-2.7884386722866186,-0.12186331657875749,75702.5,0.9611073013272047,0.12186331657875749
feature_207,1457,104,20.210871654083732,22.692019230769233,2.481147576685501,0.1215988782443421,83685.0,0.07451596845349456,0.1215988782443421
feature_335,1457,104,3.3736224433768016,4.173675,0.8000525566231986,0.12096371310562079,79579.5,0.39033500178170066,0.12096371310562079
feature_499,1461,104,265.7990736481862,226.6257798076923,-39.1732938404939,-0.12058711895377504,70317.5,0.16559511906309732,0.12058711895377504
feature_332,1456,104,2.5411085164835168,3.3267490384615384,0.7856405219780216,0.12043836456985269,77498.5,0.687379230530643,0.12043836456985269
feature_25,1462,103,1.2055668946648426,1.1794000000000002,-0.026166894664842344,-0.12035860502043544,74392.5,0.8391166095742038,0.12035860502043544
feature_334,1457,104,0.16648064516129032,0.1947471153846154,0.02826647022332507,0.1202326736642447,80006.5,0.33949851790041474,0.1202326736642447
feature_331,1460,103,0.08264486301369862,0.09155242718446603,0.008907564170767407,0.11962052742488383,81494.0,0.15448762384446135,0.11962052742488383
feature_470,1457,104,5.316851750171586,6.080841346153846,0.7639895959822605,0.1190624727178027,79858.5,0.3566165165875649,0.1190624727178027
feature_521,1463,104,10.600730006835269,25.8089125,15.208182493164733,0.11902542005486401,77329.0,0.15842273357390224,0.11902542005486401
feature_198,1457,104,0.5516643788606727,0.6371346153846154,0.0854702365239427,0.1180450706374781,80068.5,0.3324860675654707,0.1180450706374781
feature_343,1457,104,6.154236238846946,6.818742307692308,0.6645060688453626,0.11691521958099949,83219.5,0.09322693715117907,0.11691521958099949
feature_47,1462,104,1.1765340629274965,1.197976923076923,0.021442860149426535,0.11602423057749679,80836.0,0.2802278955626004,0.11602423057749679
feature_339,1457,104,9.280361839396019,10.009767307692307,0.7294054682962887,0.11592364442897264,82428.0,0.1335116994795071,0.11592364442897264
feature_101,1457,104,-5.765271105010297e-06,-2.7884615384615386e-05,-2.211934427960509e-05,-0.11547913495624106,70187.0,0.1995009497836696,0.11547913495624106
feature_286,1460,104,4.315229657534247,3.484928846153846,-0.8303008113804009,-0.1154130922086636,76471.0,0.9015464997127624,0.1154130922086636
feature_106,1457,104,0.0005625257378174332,0.0002173076923076923,-0.00034521804550974083,-0.11531226944002296,71704.5,0.3606482358839527,0.11531226944002296
feature_195,1460,103,0.28318698630136985,0.3423300970873786,0.05914311078600876,0.11477124009084808,83390.0,0.0639991244373103,0.11477124009084808
feature_80,1439,104,-0.018120708825573314,-0.02420480769230769,-0.006084098866734375,-0.1141205513229193,71492.5,0.4472517217978055,0.1141205513229193
feature_467,1460,103,6.167931506849316,7.445026213592232,1.2770947067429166,0.11304906673785002,82860.0,0.0832029308599972,0.11304906673785002
feature_363,1413,103,332.2118511677283,348.5162077669903,16.304356599262007,0.11259418458103267,77376.0,0.2829027163846133,0.11259418458103267
feature_104,1461,104,-5.817932922655711e-06,-0.00013846153846153847,-0.00013264360553888276,-0.11234742283315252,78701.0,0.5395686514286648,0.11234742283315252
feature_359,1463,104,0.019777033492822966,0.020724999999999997,0.000947966507177031,0.11188958743334156,78600.5,0.5713362494294296,0.11188958743334156
feature_288,1460,104,0.003903904109589041,0.004200961538461538,0.00029705742887249685,0.1111902700379183,83394.0,0.09299408418698527,0.1111902700379183
feature_3,1449,104,1399.290291994479,1355.7814346153848,-43.50885737909425,-0.10925453633095246,74176.0,0.790862296507587,0.10925453633095246
feature_135,1458,104,118.38203017832647,112.0576923076923,-6.324337870634167,-0.10806490671027631,66904.5,0.04492831969224177,0.10806490671027631
feature_88,1463,104,1807.4316734791526,1813.2076903846153,5.776016905462711,0.1075485517456459,80755.5,0.2940038724581303,0.1075485517456459
feature_408,1458,104,5.359734293552813,5.077336538461538,-0.2823977550912744,-0.10736395150894713,67088.0,0.049548129066564514,0.10736395150894713
feature_271,1457,104,45.92827062457104,47.8544173076923,1.9261466831212601,0.10696093133036005,80751.0,0.26152564920851185,0.10696093133036005
feature_201,1456,104,7.800068681318682,8.389423076923077,0.5893543956043947,0.10624947214571848,78876.0,0.47597707632946484,0.10624947214571848
feature_270,1458,104,29.323677023319622,28.371660576923077,-0.952016446396545,-0.10558630021618293,66715.5,0.04059296395985076,0.10558630021618293
feature_86,1463,104,2.4016230348598766,2.405367307692308,0.0037442728324315055,0.10530835438481141,79964.0,0.3832785216222103,0.10530835438481141
feature_486,1439,104,300.5426724113968,329.67441057692304,29.131738165526258,0.10528170567364911,81058.0,0.14845073137485926,0.10528170567364911
feature_483,1439,104,207.8032426685198,189.42007884615384,-18.383163822365958,-0.10461530981521762,74253.5,0.8958907589488165,0.10461530981521762
feature_476,1457,104,20.018234660260813,21.72812980769231,1.7098951474314958,0.10452302440994128,79537.0,0.39563628163096576,0.10452302440994128
feature_352,1439,104,0.023432870048644895,0.022288461538461538,-0.001144408510183357,-0.10295666263775853,75688.0,0.8447108274120351,0.10295666263775853
feature_67,1457,104,13.468253328757722,62.207329807692304,48.73907647893458,0.10130991017369849,81841.5,0.17120667454517613,0.10130991017369849
feature_561,1462,104,32.15216190150479,34.15173365384616,1.9995717523413674,0.10089322302312875,80314.0,0.33571258639253787,0.10089322302312875
feature_27,1462,103,6.648314158686731,6.50114077669903,-0.14717338198770147,-0.10018065648718961,73588.5,0.7006892792003143,0.10018065648718961
feature_360,1463,104,0.0027390293916609706,0.005840384615384616,0.0031013552237236456,0.1001431348145518,78064.0,0.6550325535557442,0.1001431348145518
feature_20,1463,104,1.4049505126452493,1.4065134615384616,0.0015629488932122904,0.0990362390626728,79903.5,0.39072697358325637,0.0990362390626728
feature_273,1449,104,20.155900414078676,20.534380769230772,0.3784803551520959,0.09800724589973672,76217.0,0.8441395560462887,0.09800724589973672
feature_497,1413,103,11.78714210898797,12.285918446601942,0.4987763376139718,0.09798369634437283,77650.5,0.2551968601153166,0.09798369634437283
feature_541,1455,104,9.59241615120275,9.880410576923076,0.28799442572032596,0.09778102432304467,79449.5,0.3929405900521661,0.09778102432304467
feature_44,1462,104,10.032246785225718,10.015957692307692,-0.016289092918025716,-0.0976253295144141,69606.5,0.1498341893333514,0.0976253295144141
feature_239,1461,104,0.004584804928131417,0.004435576923076923,-0.00014922800505449366,-0.09722888981189387,68527.0,0.09445827284396802,0.09722888981189387
feature_153,1460,104,0.011872328767123286,0.012686538461538461,0.0008142096944151744,0.0970130352035579,83057.0,0.10876776485600384,0.0970130352035579
feature_118,1439,104,0.5984615010423906,0.5977221153846155,-0.0007393856577750935,-0.09700744911017317,68648.5,0.15909174311566776,0.09700744911017317
feature_83,1462,104,7.455438235294117,7.40466923076923,-0.050769004524886974,-0.09605837759671207,70639.5,0.22693609746628418,0.09605837759671207
feature_544,1461,104,0.0025074606433949345,0.002533653846153846,2.6193202758911533e-05,0.0955526348299836,79584.5,0.38027954621347193,0.0955526348299836
feature_415,1449,104,6.651149068322981,6.344533653846154,-0.30661541447682694,-0.09551943285812815,73507.5,0.6770305582250966,0.09551943285812815
feature_494,1463,104,0.8944098427887902,1.8290673076923079,0.9346574649035176,0.09542958090955223,77729.0,0.7109256896041984,0.09542958090955223
feature_555,1221,86,57.51724512694513,61.00195116279071,3.4847060358455835,0.09535808664708209,56618.5,0.22355055820015968,0.09535808664708209
feature_559,1462,104,0.3244140902872777,0.3439,0.019485909712722294,0.09487109178272356,80518.0,0.3132361893880674,0.09487109178272356
feature_344,1457,104,23.271913040494162,22.44988461538461,-0.8220284251095507,-0.09385066466877917,72444.5,0.4548659433966029,0.09385066466877917
feature_238,1461,104,0.004780424366872005,0.0049451923076923076,0.00016476794082030243,0.09364629008509384,79630.0,0.4113291223263813,0.09364629008509384
feature_340,1457,104,12.254869938229238,48.55767596153846,36.302806023309216,0.09363952661555168,82806.5,0.11282426278593233,0.09363952661555168
feature_98,1457,104,-0.015781606039807824,-0.0512201923076923,-0.03543858626788447,-0.09299918529903929,71554.0,0.3431994571505299,0.09299918529903929
feature_307,1462,104,0.12876080711354312,0.13117211538461537,0.002411308271072249,0.09269203483419121,81003.0,0.2638663974869945,0.09269203483419121
feature_309,1462,104,0.12876128590971272,0.1311701923076923,0.002408906397979582,0.09258819040904845,80994.0,0.2647310777837575,0.09258819040904845
feature_426,1460,104,1.2283993150684933,1.310483653846154,0.08208433877766064,0.09245789884193353,82970.0,0.11315759889046803,0.09245789884193353
feature_208,1457,104,73.43497597803706,70.87344230769232,-2.561533670344744,-0.09235937520138025,72235.5,0.4269700468719564,0.09235937520138025
feature_439,1462,103,70.85070184678523,67.70915728155339,-3.1415445652318397,-0.09229253675811049,71670.0,0.4138329717759228,0.09229253675811049
feature_0,1457,104,3014.947316403569,3007.52625,-7.421066403569057,-0.09181076196971924,66229.0,0.031805265262002475,0.09181076196971924
feature_75,1439,104,-0.007070535093815149,-0.004585576923076922,0.002484958170738227,0.09068060888629337,76050.5,0.7806447831885847,0.09068060888629337
feature_526,1463,104,1.4489590567327408,1.3660653846153847,-0.0828936721173561,-0.09051326885071466,73218.0,0.5216118684940684,0.09051326885071466
feature_222,1463,104,0.008354613807245385,0.015384615384615384,0.007030001577369998,0.09049450460307658,77662.0,0.722085307781563,0.09049450460307658
feature_117,1463,104,58.65480881749829,58.219350000000006,-0.4354588174982865,-0.09049350393748558,67684.5,0.05985197566461026,0.09049350393748558
feature_254,1463,104,0.013995557074504443,0.01320673076923077,-0.0007888263052736738,-0.09008914400029706,73087.0,0.5026912443994902,0.09008914400029706
feature_81,1439,104,-0.021261362056984017,-0.019658653846153847,0.0016027082108301706,0.08904774797304597,80630.0,0.1861364484702711,0.08904774797304597
feature_392,1463,104,0.004549555707450445,0.0042971153846153845,-0.0002524403228350604,-0.08881343222090547,73006.5,0.4911602031789777,0.08881343222090547
feature_87,1463,104,0.9825244702665756,0.9809548076923077,-0.0015696625742679382,-0.08747134061486103,75534.5,0.903422296249579,0.08747134061486103
feature_204,1457,104,27.641543033630747,96.33493653846152,68.69339350483077,0.08742033532273652,81634.5,0.18625888541175872,0.08742033532273652
feature_406,1455,104,6.713319587628866,6.972583653846153,0.2592640662172876,0.08725560371751141,77799.5,0.6296104604311203,0.08725560371751141
feature_161,1462,103,4088.8953488372094,3753.9417475728155,-334.9536012643939,-0.08671089205757733,76984.5,0.7028638323419998,0.08671089205757733
feature_302,1462,103,0.40204220246238026,0.4217961165048544,0.01975391404247412,0.08651910292512541,77687.0,0.5892448842415063,0.08651910292512541
feature_407,1455,104,1.2299321649484536,1.260889423076923,0.03095725812846939,0.08562005290540421,78618.0,0.5048867187121827,0.08562005290540421
feature_43,1462,104,355.57293194254447,355.0605432692307,-0.512388673313751,-0.08538440446522574,73697.5,0.601666153918784,0.08538440446522574
feature_388,1463,104,35.06453274094327,36.42900384615385,1.3644711052105762,0.08427310087269985,81194.0,0.25108344759128953,0.08427310087269985
feature_305,1462,104,0.2645980848153215,0.26939711538461536,0.004799030569293872,0.08246268546204558,78481.0,0.5814290384204077,0.08246268546204558
feature_560,1462,104,0.07216764705882353,0.0763201923076923,0.004152545248868766,0.08228486680391064,81659.0,0.20603975979557076,0.08228486680391064
feature_558,1462,104,0.9944912448700409,1.0022865384615385,0.007795293591497554,0.08177858986813784,78414.5,0.5916971746253941,0.08177858986813784
feature_563,1214,80,0.6801799011532125,0.67145875,-0.00872115115321248,-0.08062946620256377,49032.0,0.8825212421551918,0.08062946620256377
feature_24,1462,103,-284.4415182626539,-499.539640776699,-215.0981225140451,-0.08049949869310838,73514.5,0.6883590349666946,0.08049949869310838
feature_120,1463,104,6.311534859876965,6.301412499999999,-0.010122359876966414,-0.0802293717235132,70517.0,0.21253431958874613,0.0802293717235132
feature_167,1462,103,1.2320109439124487,1.2893203883495143,0.05730944443706565,0.07870692009339808,76831.0,0.7279901115069427,0.07870692009339808
feature_376,1461,104,0.0015978781656399727,0.0016423076923076925,4.442952666771976e-05,0.07850143929699684,77657.5,0.704493407589682,0.07850143929699684
feature_221,1463,104,0.060583321941216677,0.06260576923076923,0.002022447289552552,0.07817432127756047,77642.0,0.7255100000368696,0.07817432127756047
feature_225,1413,103,1038.7113872611465,1073.2290932038836,34.517705942737166,0.07762287721669331,76943.5,0.3305580529698968,0.07762287721669331
feature_290,1454,103,0.12445281980742778,0.10894563106796115,-0.015507188739466632,-0.07741347818551773,89209.5,0.0011566377144488413,0.07741347818551773
feature_57,1460,103,0.9492367808219179,0.9489067961165047,-0.0003299847054131222,-0.0767173551889981,72379.0,0.5255070028474146,0.0767173551889981
feature_568,1214,80,2.447583031301482,2.5257712499999996,0.07818821869851744,0.07658455549655689,50783.5,0.48598103380037727,0.07658455549655689
feature_489,1439,104,270.98388262682414,288.57741730769226,17.593534680868117,0.07652709331059981,77625.5,0.5234380959257628,0.07652709331059981
feature_353,1439,104,0.04040972897845726,0.039234615384615396,-0.001175113593841863,-0.07646797920647064,71258.5,0.41602718961847185,0.07646797920647064
feature_60,1457,104,355.18862855181885,354.7453269230769,-0.4433016287419491,-0.07574642743763167,72206.0,0.4231144774825383,0.07574642743763167
feature_215,1439,104,0.08122675469075748,0.07898365384615386,-0.002243100844603621,-0.07559252151596871,71163.5,0.4037289815221897,0.07559252151596871
feature_4,1449,104,4.404697929606626,1.3034048076923077,-3.1012931219143183,-0.07517856526330627,74321.0,0.8162525118144437,0.07517856526330627
feature_131,1454,104,0.9977975240715269,0.9979596153846154,0.00016209131308853042,0.07504038018645284,77588.0,0.6550687070288923,0.07504038018645284
feature_275,1449,104,9.30954741200828,0.10601153846153848,-9.203535873546741,-0.07442034354103212,76236.0,0.8407745561031099,0.07442034354103212
feature_140,1449,104,27.926758247066946,0.3183855769230769,-27.60837267014387,-0.0744034721827349,75839.5,0.9114996703581263,0.0744034721827349
feature_142,1449,104,6.65624568668047,6.4370192307692315,-0.21922645591123846,-0.07424345922997214,74016.0,0.7631003161843453,0.07424345922997214
feature_311,1462,104,0.09748707250341997,0.09533749999999999,-0.0021495725034199747,-0.07368207122801135,72177.0,0.3879996550157737,0.07368207122801135
feature_425,1460,104,6.710385342465753,8.002597115384615,1.2922117729188622,0.07214205536441798,87728.5,0.007966520996945245,0.07214205536441798
feature_6,1449,104,101.08577322291235,101.49097211538461,0.4051988924722565,0.07114795433952308,75804.0,0.917874871624737,0.07114795433952308
feature_29,1462,103,2.3643329685362517,2.3926621359223303,0.028329167386078602,0.07106569171590377,77201.0,0.6669673201777517,0.07106569171590377
feature_493,1463,104,2.525005058099795,2.6009644230769235,0.07595936497712863,0.07083658685302789,77330.0,0.778611824753579,0.07083658685302789
feature_269,1455,104,3.772312027491409,3.8555634615384613,0.08325143404705226,0.07066440526085745,77907.0,0.612496330040355,0.07066440526085745
feature_89,1413,103,0.18826999292285915,0.19464660194174757,0.006376609018888424,0.06989399889623815,63230.0,0.026156200250408407,0.06989399889623815
feature_62,1457,104,116.54615223061084,115.8883798076923,-0.6577724229185407,-0.06979003494367017,72414.5,0.4507997236710062,0.06979003494367017
feature_7,1454,104,0.12179037138927098,0.12225673076923077,0.0004663593799597854,0.06975422240478486,72725.5,0.5154643423540715,0.06975422240478486
feature_296,1462,103,1887.5381184678522,1761.2783330097088,-126.25978545814337,-0.06969041786432267,77458.0,0.625358612653892,0.06969041786432267
feature_571,1463,104,2.103255434039645,2.081873076923077,-0.021382357116567885,-0.06723660400251746,80171.5,0.35840509103444573,0.06723660400251746
feature_54,1460,103,4.838299315068493,4.841689320388349,0.0033900053198561153,0.06492566166629113,76299.0,0.8022758648517786,0.06492566166629113
feature_539,1455,104,3.039889896907217,2.9551192307692307,-0.08477066613798634,-0.06474529627958671,72262.5,0.4437276165005146,0.06474529627958671
feature_50,1462,104,632.289171887825,631.762526923077,-0.5266449647480158,-0.0640804405087249,74082.5,0.6631244606249924,0.0640804405087249
feature_216,1439,104,0.08336963168867269,0.08505961538461539,0.0016899836959426984,0.06327022583760368,76275.0,0.7416722881024354,0.06327022583760368
feature_564,1214,80,6.434481054365734,6.604375,0.16989394563426607,0.06314815493909316,50809.0,0.4809920709408405,0.06314815493909316
feature_48,1462,104,139.99064753761968,139.71333557692307,-0.2773119606966077,-0.06003956033136969,71625.0,0.3235833197842213,0.06003956033136969
feature_447,1462,104,0.2822363201094391,0.27710192307692305,-0.005134397032516058,-0.059534617689354155,72876.5,0.4800247968853596,0.059534617689354155
feature_357,1451,104,0.0009969676085458306,0.001025,2.8032391454169527e-05,0.059304626849772286,80886.0,0.2166469622767001,0.059304626849772286
feature_218,1462,104,3.776088372093023,3.7064769230769232,-0.06961144901609995,-0.05925312674713773,73401.5,0.5562403787191693,0.05925312674713773
feature_522,1463,104,14.70296801093643,15.093179807692307,0.39021179675587625,0.05882759650756198,80541.0,0.31669586228277025,0.05882759650756198
feature_419,1461,104,307.8241862422998,326.44035576923073,18.616169526930946,0.05879912979285197,78958.5,0.4810835011886815,0.05879912979285197
feature_107,1457,104,-0.0014096774193548378,-0.00675673076923077,-0.005347053349875932,-0.05850456632107052,75050.0,0.8723606799888701,0.05850456632107052
feature_491,1451,104,2.438084493452791,2.506693269230769,0.06860877577797808,0.05800586943361121,80642.0,0.24072488605475717,0.05800586943361121
feature_176,1462,104,0.2450036935704515,0.2406980769230769,-0.004305616647374583,-0.057669031261972196,72934.5,0.4881552494787905,0.057669031261972196
feature_202,1456,104,10.118003365384617,10.904902884615383,0.7868995192307668,0.05742397283460314,80209.0,0.31099665450886915,0.05742397283460314
feature_267,1455,104,0.07070515463917526,0.0689326923076923,-0.0017724623314829546,-0.0570577941236403,72369.5,0.45821206341267195,0.0570577941236403
feature_500,1461,104,239.7205577686516,258.69346057692303,18.972902808271442,0.05681826596338423,77529.5,0.6965791648266659,0.05681826596338423
feature_35,1462,104,64.56421757865937,64.43727307692308,-0.1269445017362898,-0.056469079456896845,66290.5,0.028939053453472828,0.056469079456896845
feature_474,1456,104,37.53895164835165,39.010423076923075,1.4714714285714265,0.05646258296843225,77089.0,0.7564489302852725,0.05646258296843225
feature_523,1463,104,0.46539501025290503,0.2921423076923077,-0.17325270256059733,-0.056426509764253036,71494.0,0.3041795202329768,0.056426509764253036
feature_546,1221,86,1.0410381654381653,1.0196418604651158,-0.02139630497304945,-0.056378094203479334,50648.5,0.5834316719150527,0.056378094203479334
feature_389,1463,104,0.0013710184552289814,0.0008788461538461539,-0.0004921723013828275,-0.056238172451532294,73006.5,0.47919064120209875,0.056238172451532294
feature_251,1463,104,0.004387833219412166,0.002835576923076923,-0.0015522562963352434,-0.055867825345311165,71279.0,0.2806488122678438,0.055867825345311165
feature_442,1462,104,1.3476127906976745,1.3121653846153845,-0.03544740608229002,-0.05567586946918241,74136.0,0.6718577445624004,0.05567586946918241
feature_438,1462,103,54.55996415868673,56.70367572815533,2.1437115694686,0.05446496792975803,75452.0,0.9714779995977838,0.05446496792975803
feature_409,1457,104,4.574106794783802,4.669020192307692,0.09491339752389027,0.05326973647637373,78128.0,0.5946007186265104,0.05326973647637373
feature_116,1463,104,0.9871626110731373,0.9866701923076923,-0.0004924187654450352,-0.05318809720287405,70743.0,0.23124527360304947,0.05318809720287405
feature_282,1461,104,0.005746954140999316,0.006091346153846154,0.00034439201284683797,0.05226234733309544,85846.5,0.026580449613580345,0.05226234733309544
feature_82,1439,104,0.006180611535788741,0.004315384615384614,-0.0018652269204041273,-0.05222483971968747,73697.5,0.7967829131860763,0.05222483971968747
feature_366,1461,104,0.004805886379192334,0.004927884615384615,0.00012199823619228091,0.051693499979751624,77177.0,0.786707574923936,0.051693499979751624
feature_321,1462,104,2.2692451436388508,2.186160576923077,-0.0830845667157738,-0.05119341458031171,75589.5,0.9224093573567231,0.05119341458031171
feature_23,1462,103,-3811.035567647059,-3739.0784786407767,71.95708900628233,0.05094902475536692,77839.5,0.5657450702270543,0.05094902475536692
feature_219,1451,104,0.003248656099241903,0.0033288461538461545,8.019005460425162e-05,0.050915812420165164,80525.5,0.25122191591156373,0.050915812420165164
feature_217,1439,104,0.07149131341209174,0.07362884615384614,0.0021375327417544054,0.05047718788563921,77795.0,0.4990226371590155,0.05047718788563921
feature_285,1460,104,2.122967671232877,2.0752605769230774,-0.04770709430979947,-0.05021297476088738,74511.0,0.7516100247639996,0.05021297476088738
feature_255,1463,104,0.4042243335611757,0.39855576923076924,-0.005668564330406467,-0.04971597670790907,74267.0,0.6850369169308821,0.04971597670790907
feature_405,1455,104,0.02424453608247423,0.023689423076923073,-0.0005551130055511562,-0.049173373489459174,72173.0,0.43180389851789747,0.049173373489459174
feature_150,1460,104,6.824760958904111,6.666961538461539,-0.1577994204425721,-0.04895209985447622,73676.0,0.6141505049366319,0.04895209985447622
feature_228,1461,104,0.017812731006160164,0.018289423076923078,0.00047669207076291367,0.048181761884362774,78938.5,0.5053522613801225,0.048181761884362774
feature_185,1462,104,7.382995896032832,7.123173076923076,-0.2598228191097558,-0.046962161686184355,74928.5,0.8058813469147701,0.046962161686184355
feature_480,1457,104,75.64863191489363,73.9900548076923,-1.6585771072013245,-0.04694425851855687,73437.0,0.6003830652112803,0.04694425851855687
feature_224,1413,103,0.059092073602264684,0.06318932038834953,0.004097246786084842,0.0469180303152883,70390.5,0.5792270938810405,0.0469180303152883
feature_169,1462,103,0.4010554035567716,0.3919126213592233,-0.009142782197548327,-0.04676423696870757,73201.0,0.6370668270018361,0.04676423696870757
feature_17,1460,104,0.9714751369863015,0.9710057692307692,-0.0004693677555323017,-0.04675692809734243,69972.5,0.1814086453245367,0.04675692809734243
feature_277,1449,104,2.2138247757073843,2.1678278846153844,-0.04599689109199989,-0.04648108789970752,75856.0,0.9085385011808811,0.04648108789970752
feature_487,1439,104,240.27580340514245,228.10276057692312,-12.173042828219337,-0.046332027387147444,74957.0,0.9765080023622891,0.046332027387147444
feature_136,1457,104,138.03205216197668,140.47403846153844,2.441986299561762,0.045391858745356485,78039.0,0.6085520418382226,0.045391858745356485
feature_61,1457,104,10.422229512697323,10.435939423076924,0.013709910379601453,0.044407511123547065,76734.0,0.8271962377487238,0.044407511123547065
feature_527,1463,104,6.400965071770335,6.321891346153846,-0.07907372561648884,-0.04417925270705282,74423.0,0.7109260609159569,0.04417925270705282
feature_525,1439,104,5.548502918693537,5.724975000000001,0.1764720813064633,0.04347955562259597,74533.0,0.9464919217520276,0.04347955562259597
feature_253,1439,104,0.033148505906879774,0.03415288461538461,0.0010043787085048383,0.042772185264273475,74267.5,0.8984514972249845,0.042772185264273475
feature_457,1462,104,5.273763474692203,5.121714423076923,-0.15204905161527993,-0.04270504451251591,75084.5,0.8330960702017446,0.04270504451251591
feature_96,1457,104,0.017688126286890878,0.009260576923076925,-0.008427549363813952,-0.04217573938313774,75554.5,0.9624645594036612,0.04217573938313774
feature_147,1461,104,0.017352840520191648,0.018227884615384618,0.00087504409519297,0.04210817874799215,85596.5,0.03067231420784171,0.04210817874799215
feature_362,1413,103,0.01830601556970984,0.019437864077669904,0.0011318485079600642,0.042015741757574755,70085.0,0.5314795131315727,0.042015741757574755
feature_91,1457,104,0.002220727522306108,0.0055096153846153845,0.0032888878623092764,0.04110967522611047,80350.0,0.3018250375996202,0.04110967522611047
feature_248,1463,104,0.025054272043745725,0.026816346153846152,0.0017620741101004277,0.04105944089293173,77748.0,0.7077519812553072,0.04105944089293173
feature_356,1462,104,1.299650341997264,1.2842653846153846,-0.015384957381879394,-0.038937955320280306,73780.0,0.6146189740739998,0.038937955320280306
feature_46,1462,104,733.7033568399454,733.243414423077,-0.4599424168684436,-0.038639339348062726,74663.5,0.7602030483482125,0.038639339348062726
feature_386,1463,104,0.00824688995215311,0.008757692307692307,0.0005108023555391965,0.03817387707031973,78564.5,0.5768286929963369,0.03817387707031973
feature_355,1439,104,0.03448922863099374,0.03528846153846154,0.0007992329074677992,0.038156091251144025,76582.0,0.6894497421628651,0.038156091251144025
feature_390,1463,104,1.468733766233766,0.9132586538461539,-0.5554751123876122,-0.03734005566035965,77707.5,0.7145211945032452,0.03734005566035965
feature_478,1457,104,0.13726835964310227,0.0,-0.13726835964310227,-0.037049744890228636,75712.0,0.7913171792159812,0.037049744890228636
feature_342,1457,104,0.00030693205216197666,0.0,-0.00030693205216197666,-0.037049744890228636,75712.0,0.7913171792159812,0.037049744890228636
feature_74,1457,104,0.0028795470144131778,0.0,-0.0028795470144131778,-0.037049744890228636,75712.0,0.7913171792159812,0.037049744890228636
feature_206,1457,104,0.0013726835964310226,0.0,-0.0013726835964310226,-0.03704974489022863,75712.0,0.7913171792159812,0.03704974489022863
feature_209,1457,104,0.03167467398764585,0.0,-0.03167467398764585,-0.03704974489022863,75712.0,0.7913171792159812,0.03704974489022863
feature_347,1457,104,0.009550240219629375,0.0,-0.009550240219629375,-0.03704974489022863,75712.0,0.7913171792159812,0.03704974489022863
feature_548,1221,86,75.67141195741195,75.79997674418604,0.128564786774092,0.03685996342934369,52625.5,0.9712134625435229,0.03685996342934369
feature_18,1460,104,190.0539228767123,189.95513076923075,-0.09879210748155742,-0.0367455558110984,75060.5,0.8469324400893938,0.0367455558110984
feature_420,1461,104,1.8155711841204656,1.9011971153846154,0.08562593126414986,0.03674061757141351,85542.5,0.0316232194729035,0.03674061757141351
feature_473,1456,104,39.369835851648354,40.225003846153854,0.8551679945055,0.036723689092476385,75709.0,0.9995505598547306,0.036723689092476385
feature_368,1457,104,0.0031666437886067257,0.003241346153846154,7.470236523942839e-05,0.03640709033292888,80690.5,0.2671050118258522,0.03640709033292888
feature_252,1463,104,4.758911893369788,3.0442971153846154,-1.7146147779851728,-0.03640393135208329,78885.0,0.5287774814810916,0.03640393135208329
feature_283,1461,104,2.8144331964407936,2.6571971153846152,-0.15723608105617837,-0.03627203712741034,73215.0,0.5358972677937834,0.03627203712741034
feature_482,1439,104,319.11555594162616,308.7728942307692,-10.34266171085693,-0.03619338489377001,72685.5,0.62007186450293,0.03619338489377001
feature_520,1463,104,2.68430991114149,2.8604375,0.1761275888585101,0.03590786975392738,77667.5,0.7212267088833375,0.03590786975392738
feature_84,1451,104,0.13311936595451412,0.13294807692307692,-0.00017128903143720509,-0.03535854549508502,73938.0,0.7322259365870484,0.03535854549508502
feature_92,1461,104,0.0005140314852840521,0.0004067307692307692,-0.00010730071605328286,-0.03470373443589218,72703.0,0.4629014769308101,0.03470373443589218
feature_55,1460,103,2856.2335616438354,2855.3009708737864,-0.9325907700490461,-0.0333057448471188,71250.0,0.37349347342590256,0.0333057448471188
feature_412,1449,104,30.869988957902002,31.48711826923077,0.6171293113287675,0.03316492155622974,76760.0,0.7493325683886956,0.03316492155622974
feature_45,1462,104,136.72559008207935,136.98864326923075,0.26305318715139947,0.03239127866387653,76826.5,0.8571630946818938,0.03239127866387653
feature_53,1460,103,4.5928726027397255,4.594368932038835,0.0014963292991092558,0.03233257486204418,74309.0,0.842333338522772,0.03233257486204418
feature_413,1449,104,25.693540579710145,24.48621923076923,-1.2073213489409156,-0.03219111148780093,76124.0,0.8606482731239669,0.03219111148780093
feature_459,1462,104,2.8360637482900137,2.8709432692307693,0.034879520940755526,0.03213911846960692,81567.5,0.21350980580207835,0.03213911846960692
feature_524,1463,104,5.7199311688311685,5.235524038461539,-0.4844071303696298,-0.031945777276364176,79518.0,0.44020997502161463,0.031945777276364176
feature_338,1456,104,3.0272789835164837,3.181793269230769,0.15451428571428538,0.031423198286273955,78808.5,0.48544113931885824,0.031423198286273955
feature_304,1462,103,0.13220752393980847,0.13021650485436892,-0.001991019085439555,-0.031136659602729044,73633.0,0.7081425858176689,0.031136659602729044
feature_440,1462,103,11.538861354309164,11.352811650485435,-0.18604970382372876,-0.030947559153345537,73398.0,0.6691148532115696,0.030947559153345537
feature_583,1462,104,0.015290355677154584,0.015702884615384615,0.00041252893823003067,0.03065057302356825,77834.5,0.684579828808793,0.03065057302356825
feature_250,1463,104,109.54962337662337,111.07659423076925,1.5269708541458726,0.030597882930258766,79406.5,0.45516489709771346,0.030597882930258766
feature_173,1462,104,0.5763789329685363,0.5735634615384615,-0.0028154714300747674,-0.030528337243799848,73379.0,0.5528536578594303,0.030528337243799848
feature_148,1461,104,8.499317590691307,8.077825961538462,-0.421491629152845,-0.03037967306648813,74192.0,0.689433882690458,0.03037967306648813
feature_303,1462,103,0.04031422708618331,0.04076407766990291,0.00044985058371959513,0.029858239942726867,75293.5,1.0,0.029858239942726867
feature_168,1462,103,0.12430300957592338,0.12572815533980583,0.001425145763882446,0.028629860000859358,75211.0,0.9853313828377662,0.028629860000859358
feature_323,1462,104,5.3895737346101225,5.447486538461539,0.057912803851416506,0.0285333281747371,79381.5,0.4512184356697274,0.0285333281747371
feature_187,1462,104,17.923194186046512,18.120384615384616,0.1971904293381037,0.028526139481512527,81390.5,0.22849281493287266,0.028526139481512527
feature_444,1462,104,0.8953212038303695,0.8911288461538462,-0.004192357676523262,-0.02814864456338617,72744.5,0.461800029919361,0.02814864456338617
feature_584,1462,104,0.0038411764705882354,0.003922115384615385,8.093891402714956e-05,0.028052985617535196,78856.5,0.5246995497772753,0.028052985617535196
feature_421,1461,104,4.18410636550308,4.039902884615385,-0.14420348088769508,-0.027907001355978563,74030.0,0.6628339014463995,0.027907001355978563
feature_496,1413,103,29.909042321302195,29.274001941747567,-0.6350403795546278,-0.027129320847430756,72968.0,0.9631820857932936,0.027129320847430756
feature_268,1455,104,19.491305154639175,19.69175,0.20044484536082408,0.026930024939675813,76546.0,0.8417530534591188,0.026930024939675813
feature_490,1462,104,51.38633932968535,50.90006442307693,-0.486274906608422,-0.026527065398680442,74320.5,0.7023197216473291,0.026527065398680442
feature_354,1439,104,0.041945170257123,0.04158653846153845,-0.0003586317955845478,-0.026471946886709934,72565.0,0.6061351748955234,0.026471946886709934
feature_287,1460,104,0.3769925342465754,0.2346798076923077,-0.14231272655426772,-0.026312234948056564,88556.5,0.004517647960916235,0.026312234948056564
feature_12,1461,104,199.96199514031488,199.88395769230766,-0.07803744800722257,-0.02626441907467905,76916.0,0.8321987840649299,0.02626441907467905
feature_585,1462,104,3.0630234610123117,3.1353442307692303,0.07232076975691859,0.02592984997015288,77602.0,0.7233193968740641,0.02592984997015288
feature_152,1460,104,1.2254723287671234,0.7932798076923078,-0.43219252107481565,-0.025260930320797726,88957.0,0.0033944938507732884,0.025260930320797726
feature_162,1462,103,4807.294117647059,4653.233009708738,-154.06110793832067,-0.02497172461029323,77369.0,0.6396462488640846,0.02497172461029323
feature_119,1463,104,0.9707637047163363,0.9709653846153846,0.00020167989904829042,0.024798600914508147,75946.0,0.9768292988242236,0.024798600914508147
feature_51,1462,104,157.32344671682625,158.79224326923077,1.4687965524045126,0.023394169428139152,78055.0,0.6486134680087499,0.023394169428139152
feature_361,1463,104,39.959004511278195,39.61850961538461,-0.3404948958935847,-0.02286458097220937,76020.5,0.990158281831536,0.02286458097220937
feature_540,1455,104,1.9417202061855672,1.9583278846153847,0.016607678429817474,0.02241510876480906,76550.5,0.8409596170840296,0.02241510876480906
feature_274,1449,104,136.4140935127674,134.59726538461538,-1.816828128152025,-0.02096110108646055,74359.0,0.8229397362131874,0.02096110108646055
feature_77,1439,104,-0.007087074357192496,-0.006409615384615385,0.0006774589725771106,0.020760690791713384,76633.5,0.6808253987544829,0.020760690791713384
feature_552,1221,86,0.2763167076167076,0.2819593023255814,0.005642594708873794,0.019585160706015483,54880.0,0.48210160145010306,0.019585160706015483
feature_432,1462,103,99.21857818057455,101.48333786407768,2.2647596835031294,0.018785194164077163,77686.0,0.5893932414045775,0.018785194164077163
feature_139,1449,104,417.10420082815733,412.0683432692307,-5.035857558926637,-0.018732935604846564,74400.0,0.8301693067365781,0.018732935604846564
feature_586,1462,104,0.02144473324213406,0.02165096153846154,0.0002062282963274792,0.017280215671796526,78519.0,0.5755929092207551,0.017280215671796526
feature_297,1462,103,2346.191855061559,2295.0653291262133,-51.12652593534585,-0.016727486571090522,77476.0,0.6224857508805857,0.016727486571090522
feature_495,1463,104,6.810894736842105,6.764652884615385,-0.046241852226719615,-0.01666048630625112,76396.0,0.9428760012537648,0.01666048630625112
feature_549,1221,86,0.6624850122850122,0.6742093023255815,0.011724290040569296,0.016551318065460802,54691.5,0.5175218958311611,0.016551318065460802
feature_320,1462,104,0.04307701778385773,0.043497115384615384,0.0004200976007576532,0.015717452393032506,76679.0,0.8832228425147363,0.015717452393032506
feature_184,1462,104,0.1447218878248974,0.1461307692307692,0.001408881405871809,0.015093744352457346,76948.5,0.8357238488539912,0.015093744352457346
feature_15,1460,104,413.0992897260274,412.8999653846153,-0.19932434141207978,-0.014644334112872082,77914.0,0.6541691418322373,0.014644334112872082
feature_177,1462,104,0.3950335157318741,0.39091346153846157,-0.004120054193412548,-0.014627940080522584,74209.5,0.6839273954741971,0.014627940080522584
feature_391,1439,104,0.010949061848505907,0.011051923076923079,0.00010286122841717156,0.014484166679962666,70925.0,0.3737980967471486,0.014484166679962666
feature_393,1463,104,0.1340237867395762,0.1335076923076923,-0.0005160944318839122,-0.014296614624323288,75599.5,0.9149837564483958,0.014296614624323288
feature_448,1462,104,0.332493365253078,0.3291317307692307,-0.003361634483847298,-0.01427018403847066,74124.5,0.6699760860864847,0.01427018403847066
feature_171,1462,104,0.12000896032831737,0.12083942307692307,0.0008304627486056954,0.01415845628519572,78026.0,0.6532981128136806,0.01415845628519572
feature_306,1462,104,0.04860047879616963,0.048941346153846155,0.000340867357676522,0.01404476634716486,78298.5,0.6098098776443134,0.01404476634716486
feature_350,1439,104,0.023189993050729676,0.023369230769230767,0.00017923771850109071,0.013310880816287844,75758.5,0.8321556893089354,0.013310880816287844
feature_16,1460,104,9.906091575342467,9.928818269230769,0.022726693888301952,0.012619474106514941,82641.0,0.13098574033148772,0.012619474106514941
feature_312,1462,104,0.16014876880984955,0.15867403846153844,-0.0014747303483111096,-0.012588135163733931,74062.5,0.6598675531650233,0.012588135163733931
feature_289,1460,104,2.5797009589041098,2.563083653846154,-0.01661730505795589,-0.012579847717280917,74658.0,0.776806309128329,0.012579847717280917
feature_41,1439,104,3.351491869353718,3.374849038461538,0.02335716910782004,0.012361095834476117,78529.5,0.3989947674465105,0.012361095834476117
feature_566,1214,80,2.61009176276771,2.6226737499999997,0.012581987232289649,0.012118381302805153,49157.0,0.8516995622781649,0.012118381302805153
feature_589,1462,104,99.73649466484267,98.7362375,-1.0002571648426652,-0.011406238259100789,79153.0,0.48260893713438335,0.011406238259100789
feature_367,1457,104,0.003775497597803706,0.0037423076923076923,-3.318990549601355e-05,-0.011196292367747857,75736.5,0.9951471784054156,0.011196292367747857
feature_1,1457,103,2495.906115305422,2495.059708737865,-0.8464065675570964,-0.011088822734351043,74765.0,0.9512724698170486,0.011088822734351043
feature_156,1463,104,0.05804313055365686,0.05872788461538462,0.0006847540617277575,0.010892135174059823,77140.5,0.8113940410622119,0.010892135174059823
feature_94,1457,104,-2.9032258064516133e-05,-3.076923076923078e-05,-1.7369727047146482e-06,-0.01075464846021745,73805.0,0.6501586046576929,0.01075464846021745
feature_212,1439,104,0.05141091035441279,0.05172500000000001,0.00031408964558721914,0.01057212069133902,75916.5,0.8041792231392162,0.01057212069133902
feature_36,1462,104,49.418170177838576,49.40612884615385,-0.012041331684727652,-0.009936164162127007,80080.0,0.36274318752846535,0.009936164162127007
feature_34,1462,104,50.58183891928865,50.59387980769231,0.012040888403660688,0.009935806567678384,71976.5,0.36374996104092794,0.009935806567678384
feature_39,1462,104,118.68057920656635,118.66514807692307,-0.015431129643275199,-0.009013903892575682,73710.5,0.6036965372934938,0.009013903892575682
feature_154,1460,104,7.695783835616439,7.728674038461538,0.032890202845099026,0.007612779555468401,76048.5,0.977052757443136,0.007612779555468401
feature_71,1457,104,104.3462796156486,104.08742115384615,-0.258858461802447,-0.00748966658840064,71056.5,0.2892090055809914,0.00748966658840064
feature_308,1462,104,0.21842879616963062,0.21820961538461542,-0.000219180785015205,-0.006764869433932263,74600.0,0.7493711965091637,0.006764869433932263
feature_570,1463,104,530.5313482570061,530.4149557692308,-0.11639248777532885,-0.0059947933495474665,79184.5,0.48577241264757487,0.0059947933495474665
feature_113,1463,104,0.94541989063568,0.9454846153846154,6.472474893537417e-05,0.005489538616328233,78468.5,0.5916359041170305,0.005489538616328233
feature_223,1463,104,122.86227505126452,122.6256576923077,-0.23661735895682057,-0.004950758755002805,76783.5,0.8740141177656682,0.004950758755002805
feature_472,1456,104,137.87286449175824,138.1059826923077,0.23311820054945542,0.004765336919823796,75772.0,0.9893036444018956,0.004765336919823796
feature_456,1462,104,12.323816894664844,12.351951923076923,0.02813502841207871,0.003945340660161725,75039.5,0.8252236949693124,0.003945340660161725
feature_2,1449,104,2200.5548855762595,2200.441876923077,-0.11300865318253273,-0.0037220148675088634,70696.5,0.2924136347751791,0.0037220148675088634
feature_427,1460,104,4.0578919178082185,4.067049038461539,0.009157120653320305,0.0037218758171096056,76055.5,0.9757982048280025,0.0037218758171096056
feature_108,1457,104,-0.010804941660947151,-0.010559615384615388,0.0002453262763317636,0.0028176801148262036,74844.5,0.8360617021229586,0.0028176801148262036
feature_105,1457,104,-0.0004982841455044612,-0.0004923076923076923,5.976453196768943e-06,0.0019610477375742747,77371.5,0.717423961357021,0.0019610477375742747
feature_429,1463,104,4.1713712235133285,4.178489423076924,0.007118199563595162,0.001417643184635646,77062.0,0.8250753448666337,0.001417643184635646
feature_132,1455,104,2.3185394501718215,2.3186173076923073,7.785752048583561e-05,0.0013889924331781818,78281.5,0.5545521149564234,0.0013889924331781818
feature_291,1463,104,0.01992617908407382,0.019926923076923078,7.439928492586345e-07,3.659180119516577e-05,76513.0,0.9220141733651284,3.659180119516577e-05
